№;Линк категории поставщика;channel;prefix;coef_retail;coef_dealer;Номер_групи;Назва_групи;Ідентифікатор_підрозділу;Посилання_підрозділу;Особисті_нотатки;Ярлик;Назва_Характеристики;Одиниця_виміру_Характеристики;Значення_Характеристики;Назва_Характеристики;Одиниця_виміру_Характеристики;Значення_Характеристики
1;"https://viatec.ua/catalog/for-home/0:0;158:892,smart-lamp,pilosos,led-strichka-wifi,nastilna-lampa,termostat,termo-hub,termostat-sistemi-voda,termostat-sistemi-elektro,datchik-dimu-hub,smart-godivnica,smart-domashni-tvarini,aromadifuzor,rozetka-wifi,podovzhuvach-wifi,datchik-temp-vologist,hab,datchik-vidkritia,keruvannia-garazh,elektrokovdra,kilim-pidigriv,datchik-vodi,datchik-prisutnist,pidlogova-lampa,datchik-temp-vol-hab,vagi-kuhnia";site;;"0,9";"1,19";22818554;Оборудование для системы Умный дом;153504;https://prom.ua/Datchiki-dlya-umnogo;V;;Вага;г;;Тип устройства;;Пристрої для дому
2;"https://viatec.ua/catalog/for-home/0:0;158:892,smart-lamp,pilosos,led-strichka-wifi,nastilna-lampa,termostat,termo-hub,termostat-sistemi-voda,termostat-sistemi-elektro,datchik-dimu-hub,smart-godivnica,smart-domashni-tvarini,aromadifuzor,rozetka-wifi,podovzhuvach-wifi,datchik-temp-vologist,hab,datchik-vidkritia,keruvannia-garazh,elektrokovdra,kilim-pidigriv,datchik-vodi,datchik-prisutnist,pidlogova-lampa,datchik-temp-vol-hab,vagi-kuhnia";prom;prom_;"0,95";"1,3";140905382;Безопасность и комфорт;153504;https://prom.ua/Datchiki-dlya-umnogo;"V, Vmin, noindex";;Вага;г;;Тип устройства;;Пристрої для дому
3;"https://viatec.ua/catalog/for-home/0:0;tovari-dlia-tvarin:poilka,miska,godivnica,neitralizacia,kilimok,sushka,zminni-paketi,lotok,lizhko,filtr-poilka,osushuvach,perenoska";site;;"0,9";"1,19";22818554;Оборудование для системы Умный дом;270207;https://prom.ua/Drugie-zootovary;V;;Вага;г;;Тип устройства;;Пристрої для тварин
4;"https://viatec.ua/catalog/for-home/0:0;tovari-dlia-tvarin:poilka,miska,godivnica,neitralizacia,kilimok,sushka,zminni-paketi,lotok,lizhko,filtr-poilka,osushuvach,perenoska";prom;prom_;"0,95";"1,3";140905382;Безопасность и комфорт;270207;https://prom.ua/Drugie-zootovary;"V, Vmin, noindex";;Вага;г;;Тип устройства;;Пристрої для тварин
5;https://viatec.ua/catalog/cameras/0:0;site;;"0,85";"1,3";8950011;Видеокамеры для видеонаблюдения;301105;https://prom.ua/Kamery-videonablyudeniya;V;;Вага;г;;Тип устройства;;Камери
6;https://viatec.ua/catalog/cameras/0:0;prom;prom_;1;"1,3";140905382;Безопасность и комфорт;301105;https://prom.ua/Kamery-videonablyudeniya;"V, VMAX, noindex";;Вага;г;;Тип устройства;;Камери
7;https://viatec.ua/catalog/ptz/0:0;site;;"0,85";"1,3";8950011;Видеокамеры для видеонаблюдения;301105;https://prom.ua/Kamery-videonablyudeniya;V;;Вага;г;;Тип устройства;;PTZ-камери
8;https://viatec.ua/catalog/ptz/0:0;prom;prom_;1;"1,3";140905382;Безопасность и комфорт;301105;https://prom.ua/Kamery-videonablyudeniya;"V, VMAX, noindex";;Вага;г;;Тип устройства;;PTZ-камери
9;https://viatec.ua/catalog/termal-cameras/0:0;site;;"0,85";"1,3";8950011;Видеокамеры для видеонаблюдения;301105;https://prom.ua/Kamery-videonablyudeniya;V;;Вага;г;;Тип устройства;;Тепловізійні  камери
10;https://viatec.ua/catalog/termal-cameras/0:0;prom;prom_;1;"1,3";140905382;Безопасность и комфорт;301105;https://prom.ua/Kamery-videonablyudeniya;"V, VMAX, noindex";;Вага;г;;Тип устройства;;Тепловізійні  камери
11;https://viatec.ua/catalog/termal-ptz/0:0;site;;"0,85";"1,3";8950011;Видеокамеры для видеонаблюдения;301105;https://prom.ua/Kamery-videonablyudeniya;V;;Вага;г;;Тип устройства;;Тепловізійні  PTZ-камери
12;https://viatec.ua/catalog/termal-ptz/0:0;prom;prom_;1;"1,3";140905382;Безопасность и комфорт;301105;https://prom.ua/Kamery-videonablyudeniya;"V, VMAX, noindex";;Вага;г;;Тип устройства;;Тепловізійні  PTZ-камери
13;https://viatec.ua/catalog/solution-traffic/0:0;site;;"0,85";"1,3";8950011;Видеокамеры для видеонаблюдения;301105;https://prom.ua/Kamery-videonablyudeniya;V;;Вага;г;;Тип устройства;;Відеоконтроль трафіку
14;https://viatec.ua/catalog/solution-traffic/0:0;prom;prom_;1;"1,3";140905382;Безопасность и комфорт;301105;https://prom.ua/Kamery-videonablyudeniya;"V, VMAX, noindex";;Вага;г;;Тип устройства;;Відеоконтроль трафіку
15;https://viatec.ua/catalog/solution-mobile/0:0;site;;"0,85";"1,3";8950011;Видеокамеры для видеонаблюдения;301105;https://prom.ua/Kamery-videonablyudeniya;V;;Вага;г;;Тип устройства;;Портативні камери
16;https://viatec.ua/catalog/solution-mobile/0:0;prom;prom_;1;"1,3";140905382;Безопасность и комфорт;301105;https://prom.ua/Kamery-videonablyudeniya;"V, VMAX, noindex";;Вага;г;;Тип устройства;;Портативні камери
17;"https://viatec.ua/catalog/dvr/0:0;proizvoditel:dahua,hikvision,safetyeye,1317";site;;"0,85";"1,3";8950007;Видеорегистраторы для видеонаблюдения;301101;https://prom.ua/Videoregistratory;V;;Вага;г;;Тип устройства;;Реєстратори
18;"https://viatec.ua/catalog/dvr/0:0;proizvoditel:dahua,hikvision,safetyeye,1317";prom;prom_;1;"1,3";140905382;Безопасность и комфорт;301101;https://prom.ua/Videoregistratory;"V, VMAX, noindex";;Вага;г;;Тип устройства;;Реєстратори
19;https://viatec.ua/catalog/komplekti-videonabludenia/0:0;site;;"0,85";"1,19";8950007;Видеорегистраторы для видеонаблюдения;301101;https://prom.ua/Videoregistratory;V;;Вага;г;;Тип устройства;;Комплекти відеонагляду
20;https://viatec.ua/catalog/komplekti-videonabludenia/0:0;prom;prom_;1;"1,3";140905382;Безопасность и комфорт;301101;https://prom.ua/Videoregistratory;"V, VMAX, noindex";;Вага;г;;Тип устройства;;Комплекти відеонагляду
21;"https://viatec.ua/catalog/hdd/0:0;45:176";site;;"0,9";"1,1";83889367;Накопители для видеонаблюдения;70704;https://prom.ua/Zhestkie-diski;V;;Вага;г;;Тип устройства;;HDD
22;"https://viatec.ua/catalog/hdd/0:0;45:176";prom;prom_;1;"1,15";140905382;Безопасность и комфорт;70704;https://prom.ua/Zhestkie-diski;"V, Vmin, noindex";;Вага;г;;Тип устройства;;HDD
23;"https://viatec.ua/catalog/hdd/0:0;45:177";site;;"0,9";"1,1";83889367;Накопители для видеонаблюдения;63705;https://prom.ua/Karty-pamyati;V;;Вага;г;;Тип устройства;;MicroSD
24;"https://viatec.ua/catalog/hdd/0:0;45:177";prom;prom_;1;"1,15";140905382;Безопасность и комфорт;63705;https://prom.ua/Karty-pamyati;"V, Vmin, noindex";;Вага;г;;Тип устройства;;MicroSD
25;"https://viatec.ua/catalog/hdd/0:0;45:usb";site;;"0,9";"1,1";83889367;Накопители для видеонаблюдения;70501;https://prom.ua/Flesh-nakopitel;V;;Вага;г;;Тип устройства;;USB
26;"https://viatec.ua/catalog/hdd/0:0;45:usb";prom;prom_;1;"1,15";140905382;Безопасность и комфорт;70501;https://prom.ua/Flesh-nakopitel;"V, Vmin, noindex";;Вага;г;;Тип устройства;;USB
27;"https://viatec.ua/catalog/display-monitors/0:0;95:354,355,356,675,677,679,pc-modul,bezdrotovii-modul";site;;"0,9";"1,19";152481182;Мониторы;706;https://prom.ua/Monitory;V;;Вага;г;;Тип устройства;;Монітори
28;"https://viatec.ua/catalog/display-monitors/0:0;95:354,355,356,675,677,679,pc-modul,bezdrotovii-modul";prom;prom_;1;"1,3";140905382;Безопасность и комфорт;706;https://prom.ua/Monitory;"V, Vmin, noindex";;Вага;г;;Тип устройства;;Монітори
29;"https://viatec.ua/catalog/display-monitors/0:0;95:televizor";site;;"0,9";"1,19";152481182;Мониторы;6370714;https://prom.ua/Televizory;V;;Вага;г;;Тип устройства;;Телевізори
30;"https://viatec.ua/catalog/display-monitors/0:0;95:televizor";prom;prom_;1;"1,3";140905382;Безопасность и комфорт;6370714;https://prom.ua/Televizory;"V, Vmin, noindex";;Вага;г;;Тип устройства;;Телевізори
31;"https://viatec.ua/catalog/display-monitors/0:0;95:nabir-dlia-chistki";site;;"0,9";"1,19";152481182;Мониторы;8210510;https://prom.ua/Sredstva-dlya-bytovoj-tehniki;V;;Вага;г;;Тип устройства;;Засоби для чищення
32;"https://viatec.ua/catalog/display-monitors/0:0;95:nabir-dlia-chistki";prom;prom_;1;"1,3";140905382;Безопасность и комфорт;8210510;https://prom.ua/Sredstva-dlya-bytovoj-tehniki;"V, Vmin, noindex";;Вага;г;;Тип устройства;;Засоби для чищення
33;"https://viatec.ua/catalog/bracket/0:0;44:172,173,174,175,454,455,456,1204,1300,453";site;;"0,85";"1,19";4321341;Комплектующие для видеонаблюдения;301112;https://prom.ua/Kozhuhi-i-kronshtejny;V;;Вага;г;;Тип устройства;;Кронштейни для камер
34;"https://viatec.ua/catalog/bracket/0:0;44:172,173,174,175,454,455,456,1204,1300,453";prom;prom_;1;"1,3";140905382;Безопасность и комфорт;301112;https://prom.ua/Kozhuhi-i-kronshtejny;"V, Vmin, noindex";;Вага;г;;Тип устройства;;Кронштейни для камер
35;"https://viatec.ua/catalog/bracket/0:0;44:170";site;;"0,85";"1,19";4321341;Комплектующие для видеонаблюдения;5092913;https://prom.ua/Korobki-montazhnye;V;;Вага;г;;Тип устройства;;Розподільні коробки для камер
36;"https://viatec.ua/catalog/bracket/0:0;44:170";prom;prom_;1;"1,3";140905382;Безопасность и комфорт;5092913;https://prom.ua/Korobki-montazhnye;"V, Vmin, noindex";;Вага;г;;Тип устройства;;Розподільні коробки для камер
37;https://viatec.ua/catalog/rozpodilchi-korobki/0:0;site;;"0,85";"1,19";4321341;Комплектующие для видеонаблюдения;5092913;https://prom.ua/Korobki-montazhnye;V;;Вага;г;;Тип устройства;;Розподільні коробки
38;https://viatec.ua/catalog/rozpodilchi-korobki/0:0;prom;prom_;1;"1,3";140905382;Безопасность и комфорт;5092913;https://prom.ua/Korobki-montazhnye;"V, Vmin, noindex";;Вага;г;;Тип устройства;;Розподільні коробки
39;https://viatec.ua/catalog/microphone/0:0;site;;"0,85";"1,19";4321341;Комплектующие для видеонаблюдения;6371204;https://prom.ua/Mikrofony;V;;Вага;г;;Тип устройства;;Зовнішні мікрофони
40;https://viatec.ua/catalog/microphone/0:0;prom;prom_;1;"1,3";140905382;Безопасность и комфорт;6371204;https://prom.ua/Mikrofony;"V, VMAX, noindex";;Вага;г;;Тип устройства;;Зовнішні мікрофони
41;https://viatec.ua/catalog/keyboard/0:0;site;;"0,85";"1,19";4321341;Комплектующие для видеонаблюдения;301110;https://prom.ua/Pulty-dlya-sistem-videonablyudeniya;V;;Вага;г;;Тип устройства;;Пульти управління
42;https://viatec.ua/catalog/keyboard/0:0;prom;prom_;1;"1,3";140905382;Безопасность и комфорт;301110;https://prom.ua/Pulty-dlya-sistem-videonablyudeniya;"V, Vmin, noindex";;Вага;г;;Тип устройства;;Пульти управління
43;https://viatec.ua/catalog/CCTV-IR/0:0;site;;"0,85";"1,19";4321341;Комплектующие для видеонаблюдения;150401;https://prom.ua/Naruzhnoe-osveschenie;V;;Вага;г;;Тип устройства;;Прожектори інфрачервоні
44;https://viatec.ua/catalog/CCTV-IR/0:0;prom;prom_;1;"1,3";140905382;Безопасность и комфорт;150401;https://prom.ua/Naruzhnoe-osveschenie;"V, Vmin, noindex";;Вага;г;;Тип устройства;;Прожектори інфрачервоні
45;"https://viatec.ua/catalog/mounting-kit/0:0;analog:perehidnik,perehidnik-antena,poc-peredatchik";site;;"0,85";"1,19";4321341;Комплектующие для видеонаблюдения;6371809;https://prom.ua/Priemniki-i-peredatchiki-signala;V;;Вага;г;;Тип устройства;;Перехідники та балуни
46;"https://viatec.ua/catalog/mounting-kit/0:0;analog:perehidnik,perehidnik-antena,poc-peredatchik";prom;prom_;1;"1,3";140905382;Безопасность и комфорт;6371809;https://prom.ua/Priemniki-i-peredatchiki-signala;"V, Vmin, noindex";;Вага;г;;Тип устройства;;Перехідники та балуни
47;"https://viatec.ua/catalog/mounting-kit/0:0;analog:rozem-zhivlennia,konektor-bnc,konektor-ff,konektor-rca";site;;"0,85";"1,19";4321341;Комплектующие для видеонаблюдения;14190406;https://prom.ua/Razemy-i-konnektory;V;;Вага;г;;Тип устройства;;Конектори і роз'єми
48;"https://viatec.ua/catalog/mounting-kit/0:0;analog:rozem-zhivlennia,konektor-bnc,konektor-ff,konektor-rca";prom;prom_;1;"1,3";140905382;Безопасность и комфорт;14190406;https://prom.ua/Razemy-i-konnektory;"V, Vmin, noindex";;Вага;г;;Тип устройства;;Конектори і роз'єми
49;"https://viatec.ua/catalog/mounting-kit/0:0;analog:patchkord-komb,rozgal-zhivlennia,podovzhen-zhivlennia";site;;"0,85";"1,19";4321341;Комплектующие для видеонаблюдения;63719;https://prom.ua/Audio-video-kabeli-perehodniki-razemy;V;;Вага;г;;Тип устройства;;Кабелі для живлення
50;"https://viatec.ua/catalog/mounting-kit/0:0;analog:patchkord-komb,rozgal-zhivlennia,podovzhen-zhivlennia";prom;prom_;1;"1,3";140905382;Безопасность и комфорт;63719;https://prom.ua/Audio-video-kabeli-perehodniki-razemy;"V, Vmin, noindex";;Вага;г;;Тип устройства;;Кабелі для живлення
51;"https://viatec.ua/catalog/mounting-kit/0:0;analog:pidsiluvach-hdmi,hdmi-spliter,podovzhuvach-vga";site;;"0,85";"1,19";4321341;Комплектующие для видеонаблюдения;63719;https://prom.ua/Audio-video-kabeli-perehodniki-razemy;V;;Вага;г;;Тип устройства;;"HDMI, VGA підсилювачі"
52;"https://viatec.ua/catalog/mounting-kit/0:0;analog:pidsiluvach-hdmi,hdmi-spliter,podovzhuvach-vga";prom;prom_;1;"1,3";140905382;Безопасность и комфорт;63719;https://prom.ua/Audio-video-kabeli-perehodniki-razemy;"V, Vmin, noindex";;Вага;г;;Тип устройства;;"HDMI, VGA підсилювачі"
53;"https://viatec.ua/catalog/vth/0:0;proizvoditel:394,395,neolight,1199,bcom,dnake";site;;"0,85";"1,19";4328775;Видеодомофоны;3029;https://prom.ua/Domofony-videodomofony;V;;Вага;г;;Тип устройства;;Відеодомофон
54;"https://viatec.ua/catalog/vth/0:0;proizvoditel:394,395,neolight,1199,bcom,dnake";prom;prom_;"0,9";"1,3";140905382;Безопасность и комфорт;3029;https://prom.ua/Domofony-videodomofony;"V, Vmin, noindex";;Вага;г;;Тип устройства;;Відеодомофон
55;"https://viatec.ua/catalog/intercom-kits/0:0;proizvoditel:neolight,1199,dnake,bcom";site;;"0,85";"1,19";4328775;Видеодомофоны;3029;https://prom.ua/Domofony-videodomofony;V;;Вага;г;;Тип устройства;;Комплекти відеодомофонів
56;"https://viatec.ua/catalog/intercom-kits/0:0;proizvoditel:neolight,1199,dnake,bcom";prom;prom_;"0,9";"1,3";140905382;Безопасность и комфорт;3029;https://prom.ua/Domofony-videodomofony;"V, Vmin, noindex";;Вага;г;;Тип устройства;;Комплекти відеодомофонів
57;"https://viatec.ua/catalog/vto/0:0;proizvoditel:neolight,1199,safetyeye,dnake,light-vision,emos";site;;"0,85";"1,19";90718784;Вызывные видеопанели;3029;https://prom.ua/Domofony-videodomofony;V;;Вага;г;;Тип устройства;;Відеопанель кольорова виклична
58;"https://viatec.ua/catalog/vto/0:0;proizvoditel:neolight,1199,safetyeye,dnake,light-vision,emos";prom;prom_;"0,9";"1,3";140905382;Безопасность и комфорт;3029;https://prom.ua/Domofony-videodomofony;"V, Vmin, noindex";;Вага;г;;Тип устройства;;Відеопанель кольорова виклична
59;"https://viatec.ua/catalog/vth/0:0;proizvoditel:dahua,hikvision";site;;"0,85";"1,19";4328775;Видеодомофоны;3029;https://prom.ua/Domofony-videodomofony;V;;Вага;г;;Тип устройства;;Відеодомофон
60;"https://viatec.ua/catalog/vth/0:0;proizvoditel:dahua,hikvision";prom;prom_;1;"1,3";140905382;Безопасность и комфорт;3029;https://prom.ua/Domofony-videodomofony;"V, VMAX, noindex";;Вага;г;;Тип устройства;;Відеодомофон
61;"https://viatec.ua/catalog/intercom-kits/0:0;proizvoditel:hikvision,ezviz";site;;"0,85";"1,19";4328775;Видеодомофоны;3029;https://prom.ua/Domofony-videodomofony;V;;Вага;г;;Тип устройства;;Комплекти відеодомофонів
62;"https://viatec.ua/catalog/intercom-kits/0:0;proizvoditel:hikvision,ezviz";prom;prom_;1;"1,3";140905382;Безопасность и комфорт;3029;https://prom.ua/Domofony-videodomofony;"V, VMAX, noindex";;Вага;г;;Тип устройства;;Комплекти відеодомофонів
63;"https://viatec.ua/catalog/vto/0:0;proizvoditel:dahua,hikvision,ezviz";site;;"0,85";"1,19";90718784;Вызывные видеопанели;3029;https://prom.ua/Domofony-videodomofony;V;;Вага;г;;Тип устройства;;Відеопанель кольорова виклична
64;"https://viatec.ua/catalog/vto/0:0;proizvoditel:dahua,hikvision,ezviz";prom;prom_;1;"1,3";140905382;Безопасность и комфорт;3029;https://prom.ua/Domofony-videodomofony;"V, VMAX, noindex";;Вага;г;;Тип устройства;;Відеопанель кольорова виклична
65;https://viatec.ua/catalog/intercom/0:0;site;;"0,85";"1,19";4339717;Переговорные устройства;50906;https://prom.ua/Peregovornye-ustrojstva;V;;Вага;г;;Тип устройства;;Аудіодомофон
66;https://viatec.ua/catalog/intercom/0:0;prom;prom_;"0,9";"1,3";140905382;Безопасность и комфорт;50906;https://prom.ua/Peregovornye-ustrojstva;"V, Vmin, noindex";;Вага;г;;Тип устройства;;Аудіодомофон
67;"https://viatec.ua/catalog/intercom-accessories/0:0;61:243,244,559,77788,pidstavka";site;;"0,85";"1,19";72575633;Комплектующие для домофонов;153502;https://prom.ua/Aksessuary-dlya-domofonnogo;V;;Вага;г;;Тип устройства;;Кронштейни та рамки для домофонів
68;"https://viatec.ua/catalog/intercom-accessories/0:0;61:243,244,559,77788,pidstavka";prom;prom_;1;"1,3";140905382;Безопасность и комфорт;153502;https://prom.ua/Aksessuary-dlya-domofonnogo;"V, Vmin, noindex";;Вага;г;;Тип устройства;;Кронштейни та рамки для домофонів
69;"https://viatec.ua/catalog/intercom-accessories/0:0;61:1131";site;;"0,85";"1,19";72575633;Комплектующие для домофонов;153502;https://prom.ua/Aksessuary-dlya-domofonnogo;V;;Вага;г;;Тип устройства;;Аудіотрубки для домофонів
70;"https://viatec.ua/catalog/intercom-accessories/0:0;61:1131";prom;prom_;1;"1,3";140905382;Безопасность и комфорт;153502;https://prom.ua/Aksessuary-dlya-domofonnogo;"V, Vmin, noindex";;Вага;г;;Тип устройства;;Аудіотрубки для домофонів
71;"https://viatec.ua/catalog/intercom-accessories/0:0;61:241,242,558,560,1029,blok-keruvannia,adapter-domofonnii,modul-integracii,komutator,block-zhivlennia";site;;"0,85";"1,19";72575633;Комплектующие для домофонов;153502;https://prom.ua/Aksessuary-dlya-domofonnogo;V;;Вага;г;;Тип устройства;;Пристрої для підключення домофонів
72;"https://viatec.ua/catalog/intercom-accessories/0:0;61:241,242,558,560,1029,blok-keruvannia,adapter-domofonnii,modul-integracii,komutator,block-zhivlennia";prom;prom_;1;"1,3";140905382;Безопасность и комфорт;153502;https://prom.ua/Aksessuary-dlya-domofonnogo;"V, Vmin, noindex";;Вага;г;;Тип устройства;;Пристрої для підключення домофонів
73;"https://viatec.ua/catalog/mounting-kit/0:0;kabel-kanali:gnuchkii-perehid";site;;"0,85";"1,19";72575633;Комплектующие для домофонов;153502;https://prom.ua/Aksessuary-dlya-domofonnogo;V;;Вага;г;;Тип устройства;;Гнучкий перехід
74;"https://viatec.ua/catalog/mounting-kit/0:0;kabel-kanali:gnuchkii-perehid";prom;prom_;1;"1,3";140905382;Безопасность и комфорт;153502;https://prom.ua/Aksessuary-dlya-domofonnogo;"V, Vmin, noindex";;Вага;г;;Тип устройства;;Гнучкий перехід
75;"https://viatec.ua/catalog/termal-handheld/0:0;tip-teplovizora:333";site;;"0,9";"1,19";90906797;Тепловизоры;153709;https://prom.ua/Termometry-pirometry-teplovizory;V;;Вага;г;;Тип устройства;;Моніторинг температури тіла
76;"https://viatec.ua/catalog/termal-handheld/0:0;tip-teplovizora:333";prom;prom_;"0,95";"1,3";140905382;Безопасность и комфорт;153709;https://prom.ua/Termometry-pirometry-teplovizory;"V, Vmin, noindex";;Вага;г;;Тип устройства;;Моніторинг температури тіла
77;"https://viatec.ua/catalog/termal-handheld/0:0;tip-teplovizora:111,222,444,555,666,adapter,cabel,zariadnii-pristrii";site;;"0,9";"1,19";90906797;Тепловизоры;153729;https://prom.ua/Takticheskie-teplovizory-;V;;Вага;г;;Тип устройства;;Тепловізори
78;"https://viatec.ua/catalog/termal-handheld/0:0;tip-teplovizora:111,222,444,555,666,adapter,cabel,zariadnii-pristrii";prom;prom_;"0,95";"1,3";140905382;Безопасность и комфорт;153729;https://prom.ua/Takticheskie-teplovizory-;"V, Vmin, noindex";;Вага;г;;Тип устройства;;Тепловізори
79;https://viatec.ua/catalog/pricili/0:0;site;;"0,9";"1,19";152208101;"Прицелы, целеуказатели";181613;https://prom.ua/Pritsely-i-mushki;V;;Вага;г;;;;
80;https://viatec.ua/catalog/pricili/0:0;prom;prom_;1;"1,3";140905382;Безопасность и комфорт;181613;https://prom.ua/Pritsely-i-mushki;"V, Vmin, noindex";;Вага;г;;;;
81;https://viatec.ua/catalog/aksesuari-dlia-pnb/0:0;site;;"0,9";"1,19";152207998;Приборы ночного видения;15370706;https://prom.ua/Pribory-nochnogo-videniya;V;;Вага;г;;Тип устройства;;Комплектуючі для ПНБ
82;https://viatec.ua/catalog/aksesuari-dlia-pnb/0:0;prom;prom_;1;"1,3";140905382;Безопасность и комфорт;15370706;https://prom.ua/Pribory-nochnogo-videniya;"V, Vmin, noindex";;Вага;г;;Тип устройства;;Комплектуючі для ПНБ
83;https://viatec.ua/catalog/pribori-nichnogo-bachennia/0:0;site;;"0,9";"1,19";152207998;Приборы ночного видения;15370706;https://prom.ua/Pribory-nochnogo-videniya;V;;Вага;г;;Тип устройства;;Прилади ПНБ
84;https://viatec.ua/catalog/pribori-nichnogo-bachennia/0:0;prom;prom_;1;"1,3";140905382;Безопасность и комфорт;15370706;https://prom.ua/Pribory-nochnogo-videniya;"V, Vmin, noindex";;Вага;г;;Тип устройства;;Прилади ПНБ
85;https://viatec.ua/catalog/radiostancii/0:0;site;;"0,9";"1,19";139094704;Рации;50906;https://prom.ua/Peregovornye-ustrojstva;V;;Вага;г;;Тип устройства;;Рації
86;https://viatec.ua/catalog/radiostancii/0:0;prom;prom_;1;"1,3";140905382;Безопасность и комфорт;50906;https://prom.ua/Peregovornye-ustrojstva;"V, Vmin, noindex";;Вага;г;;Тип устройства;;Рації
87;https://viatec.ua/catalog/kvadrokopteri/0:0;site;;"0,9";"1,19";139094708;Дроны;2657;https://prom.ua/Kvadrokoptery;V;;Вага;г;;;;
88;https://viatec.ua/catalog/kvadrokopteri/0:0;prom;prom_;1;"1,3";140905382;Безопасность и комфорт;2657;https://prom.ua/Kvadrokoptery;"V, Vmin, noindex";;Вага;г;;;;
89;https://viatec.ua/catalog/akumuliatori-droniv/0:0;site;;"0,9";"1,19";152208073;Аккумуляторы для квадрокоптеров;500415;https://prom.ua/Zapchasti-dlya-kvadrokopterov;V;;Вага;г;;;;
90;https://viatec.ua/catalog/akumuliatori-droniv/0:0;prom;prom_;1;"1,3";140905382;Безопасность и комфорт;500415;https://prom.ua/Zapchasti-dlya-kvadrokopterov;"V, Vmin, noindex";;Вага;г;;;;
91;"https://viatec.ua/catalog/alarm-ppk/0:0;proizvoditel:dahua,hikvision,ezviz,844";site;;"0,9";"1,19";152090999;Охранные приемно-контрольные приборы;302303;https://prom.ua/Priemno-kontrolnye-pribory-i-pribory-upravleniya;V;;Вага;г;;Тип устройства;;Централі
92;"https://viatec.ua/catalog/alarm-ppk/0:0;proizvoditel:dahua,hikvision,ezviz,844";prom;prom_;1;"1,3";140905382;Безопасность и комфорт;302303;https://prom.ua/Priemno-kontrolnye-pribory-i-pribory-upravleniya;"V, VMAX, noindex";;Вага;г;;Тип устройства;;Централі
93;"https://viatec.ua/catalog/alarm-ppk/0:0;proizvoditel:396,405,924,tiras";site;;"0,9";"1,19";152090999;Охранные приемно-контрольные приборы;302303;https://prom.ua/Priemno-kontrolnye-pribory-i-pribory-upravleniya;V;;Вага;г;;Тип устройства;;Централі
94;"https://viatec.ua/catalog/alarm-ppk/0:0;proizvoditel:396,405,924,tiras";prom;prom_;1;"1,3";140905382;Безопасность и комфорт;302303;https://prom.ua/Priemno-kontrolnye-pribory-i-pribory-upravleniya;"V, Vmin, noindex";;Вага;г;;Тип устройства;;Централі
95;"https://viatec.ua/catalog/alarm-detector/0:0;proizvoditel:dahua,hikvision,ezviz,844";site;;"0,9";"1,19";152091016;Охранные датчики;302302;https://prom.ua/Ohrannye-izveschateli;V;;Вага;г;;;;
96;"https://viatec.ua/catalog/alarm-detector/0:0;proizvoditel:dahua,hikvision,ezviz,844";prom;prom_;1;"1,3";140905382;Безопасность и комфорт;302302;https://prom.ua/Ohrannye-izveschateli;"V, VMAX, noindex";;Вага;г;;;;
97;"https://viatec.ua/catalog/alarm-detector/0:0;proizvoditel:396,402,405,593,625,626,652,884,913,924,tiras,1016,1027,1109,1123,1130,1167,arton,smart-kit,emos";site;;"0,9";"1,19";152091016;Охранные датчики;302302;https://prom.ua/Ohrannye-izveschateli;V;;Вага;г;;;;
98;"https://viatec.ua/catalog/alarm-detector/0:0;proizvoditel:396,402,405,593,625,626,652,884,913,924,tiras,1016,1027,1109,1123,1130,1167,arton,smart-kit,emos";prom;prom_;1;"1,3";140905382;Безопасность и комфорт;302302;https://prom.ua/Ohrannye-izveschateli;"V, Vmin, noindex";;Вага;г;;;;
99;"https://viatec.ua/catalog/alarm-siren/0:0;proizvoditel:dahua,hikvision,ezviz,844";site;;"0,9";"1,19";152091894;Охранные сирены;300402;https://prom.ua/Sireny-signalnye;V;;Вага;г;;;;
100;"https://viatec.ua/catalog/alarm-siren/0:0;proizvoditel:dahua,hikvision,ezviz,844";prom;prom_;1;"1,3";140905382;Безопасность и комфорт;302302;https://prom.ua/Ohrannye-izveschateli;"V, VMAX, noindex";;Вага;г;;;;
101;"https://viatec.ua/catalog/alarm-siren/0:0;proizvoditel:396,402,405,593,652,tiras,1016";site;;"0,9";"1,19";152091894;Охранные сирены;300402;https://prom.ua/Sireny-signalnye;V;;Вага;г;;;;
102;"https://viatec.ua/catalog/alarm-siren/0:0;proizvoditel:396,402,405,593,652,tiras,1016";prom;prom_;1;"1,3";140905382;Безопасность и комфорт;302302;https://prom.ua/Ohrannye-izveschateli;"V, Vmin, noindex";;Вага;г;;;;
103;"https://viatec.ua/catalog/alarm-key/0:0;proizvoditel:dahua,hikvision,ezviz,844";site;;"0,9";"1,19";152092523;Устройства управления охранной сигнализацией;302307;https://prom.ua/Brelki-pulty-dlya-ohrannyh-sistem;V;;Вага;г;;;;
104;"https://viatec.ua/catalog/alarm-key/0:0;proizvoditel:dahua,hikvision,ezviz,844";prom;prom_;1;"1,3";140905382;Безопасность и комфорт;302307;https://prom.ua/Brelki-pulty-dlya-ohrannyh-sistem;"V, VMAX, noindex";;Вага;г;;;;
105;"https://viatec.ua/catalog/alarm-key/0:0;proizvoditel:396,402,405,593,924,tiras,1016,1092,1109,smart-kit";site;;"0,9";"1,19";152092523;Устройства управления охранной сигнализацией;302307;https://prom.ua/Brelki-pulty-dlya-ohrannyh-sistem;V;;Вага;г;;;;
106;"https://viatec.ua/catalog/alarm-key/0:0;proizvoditel:396,402,405,593,924,tiras,1016,1092,1109,smart-kit";prom;prom_;1;"1,3";140905382;Безопасность и комфорт;302307;https://prom.ua/Brelki-pulty-dlya-ohrannyh-sistem;"V, Vmin, noindex";;Вага;г;;;;
107;"https://viatec.ua/catalog/zashita-ot-potopa/0:0;proizvoditel:dahua,844";site;;"0,9";"1,19";152092600;Устройства для защиты от потопа;300418;https://prom.ua/Sistemy-zashchity-ot-potopa;V;;Вага;г;;;;
108;"https://viatec.ua/catalog/zashita-ot-potopa/0:0;proizvoditel:dahua,844";prom;prom_;1;"1,3";140905382;Безопасность и комфорт;300418;https://prom.ua/Sistemy-zashchity-ot-potopa;"V, VMAX, noindex";;Вага;г;;;;
109;"https://viatec.ua/catalog/zashita-ot-potopa/0:0;proizvoditel:1160,1162,3997457,mastino";site;;"0,9";"1,19";152092600;Устройства для защиты от потопа;300418;https://prom.ua/Sistemy-zashchity-ot-potopa;V;;Вага;г;;;;
110;"https://viatec.ua/catalog/zashita-ot-potopa/0:0;proizvoditel:1160,1162,3997457,mastino";prom;prom_;1;"1,3";140905382;Безопасность и комфорт;300418;https://prom.ua/Sistemy-zashchity-ot-potopa;"V, Vmin, noindex";;Вага;г;;;;
111;https://viatec.ua/catalog/pozharnie-priemno-kontrolnie-pribori/0:0;site;;"0,9";"1,19";152092613;Пожарные приемо-контрольные приборы;302303;https://prom.ua/Priemno-kontrolnye-pribory-i-pribory-upravleniya;V;;Вага;г;;Тип устройства;;Пожежні централі
112;https://viatec.ua/catalog/pozharnie-priemno-kontrolnie-pribori/0:0;prom;prom_;1;"1,3";140905382;Безопасность и комфорт;302303;https://prom.ua/Priemno-kontrolnye-pribory-i-pribory-upravleniya;"V, Vmin, noindex";;Вага;г;;Тип устройства;;Пожежні централі
113;"https://viatec.ua/catalog/moduli-ppkp/0:0;proizvoditel:dahua,tiras,arton,firestop";site;;"0,9";"1,19";4551903;Комплектующие для сигнализации;302306;https://prom.ua/Ohrannye-sistemy-i-signalizatsii;V;;Вага;г;;Тип устройства;;Додаткові пожежні пристрої
114;"https://viatec.ua/catalog/moduli-ppkp/0:0;proizvoditel:dahua,tiras,arton,firestop";prom;prom_;1;"1,3";140905382;Безопасность и комфорт;302306;https://prom.ua/Ohrannye-sistemy-i-signalizatsii;"V, Vmin, noindex";;Вага;г;;Тип устройства;;Додаткові пожежні пристрої
115;"https://viatec.ua/catalog/alarm-accessories/0:0;proizvoditel:dahua,hikvision,396,402,593,652,ezviz,844,884,924,tiras,1027,1030,arton,smart-kit";site;;"0,9";"1,19";4551903;Комплектующие для сигнализации;302306;https://prom.ua/Ohrannye-sistemy-i-signalizatsii;V;;Вага;г;;Тип устройства;;Комплектуючі для сигналізації
116;"https://viatec.ua/catalog/alarm-accessories/0:0;proizvoditel:dahua,hikvision,396,402,593,652,ezviz,844,884,924,tiras,1027,1030,arton,smart-kit";prom;prom_;1;"1,3";140905382;Безопасность и комфорт;302306;https://prom.ua/Ohrannye-sistemy-i-signalizatsii;"V, Vmin, noindex";;Вага;г;;Тип устройства;;Комплектуючі для сигналізації
117;"https://viatec.ua/catalog/access-control-lock/0:0;71:270";site;;"0,85";"1,19";90997501;Замки;301010;https://prom.ua/Mehanicheskie-zamki;V;;Вага;кг;;Тип устройства;;електромеханічний
118;"https://viatec.ua/catalog/access-control-lock/0:0;71:270";prom;prom_;"0,9";"1,3";140905382;Безопасность и комфорт;301010;https://prom.ua/Mehanicheskie-zamki;"V, Vmin, noindex";;Вага;кг;;Тип устройства;;електромеханічний
119;"https://viatec.ua/catalog/access-control-lock/0:0;71:271";site;;"0,85";"1,19";90997501;Замки;301010;https://prom.ua/Mehanicheskie-zamki;V;;Вага;кг;;Тип устройства;;електромагнітний
120;"https://viatec.ua/catalog/access-control-lock/0:0;71:271";prom;prom_;"0,9";"1,3";140905382;Безопасность и комфорт;301010;https://prom.ua/Mehanicheskie-zamki;"V, Vmin, noindex";;Вага;кг;;Тип устройства;;електромагнітний
121;"https://viatec.ua/catalog/access-control-lock/0:0;71:272";site;;"0,85";"1,19";90997501;Замки;301010;https://prom.ua/Mehanicheskie-zamki;V;;Вага;кг;;Тип устройства;;механічний
122;"https://viatec.ua/catalog/access-control-lock/0:0;71:272";prom;prom_;"0,9";"1,3";140905382;Безопасность и комфорт;301010;https://prom.ua/Mehanicheskie-zamki;"V, Vmin, noindex";;Вага;кг;;Тип устройства;;механічний
123;https://viatec.ua/catalog/access-turnstile/0:0;site;;"0,9";"1,19";152088176;Турникети;301301;https://prom.ua/Turnikety;V;;Вага;кг;;;;
124;https://viatec.ua/catalog/access-turnstile/0:0;prom;prom_;"0,9";"1,3";140905382;Безопасность и комфорт;301301;https://prom.ua/Turnikety;"V, Vmin, noindex";;Вага;кг;;;;
125;https://viatec.ua/catalog/access-terminal/0:0;site;;"0,9";"1,19";127628166;Терминалы;3030;https://prom.ua/Sistemy-kontrolya-dostupa;V;;Вага;г;;Тип устройства;;Термінали
126;https://viatec.ua/catalog/access-terminal/0:0;prom;prom_;"0,9";"1,3";140905382;Безопасность и комфорт;3030;https://prom.ua/Sistemy-kontrolya-dostupa;"V, Vmin, noindex";;Вага;г;;Тип устройства;;Термінали
127;"https://viatec.ua/catalog/access-control-button/0:0;67:258";site;;"0,85";"1,19";127628170;Кнопки выхода;302308;https://prom.ua/Trevozhnye-knopki-i-knopki-vyhoda;V;;Вага;г;;Тип устройства;;Контактна
128;"https://viatec.ua/catalog/access-control-button/0:0;67:258";prom;prom_;"0,9";"1,3";140905382;Безопасность и комфорт;302308;https://prom.ua/Trevozhnye-knopki-i-knopki-vyhoda;"V, Vmin, noindex";;Вага;г;;Тип устройства;;Контактна
129;"https://viatec.ua/catalog/access-control-button/0:0;67:259";site;;"0,85";"1,19";127628170;Кнопки выхода;302308;https://prom.ua/Trevozhnye-knopki-i-knopki-vyhoda;V;;Вага;г;;Тип устройства;;Безконтактна
130;"https://viatec.ua/catalog/access-control-button/0:0;67:259";prom;prom_;"0,9";"1,3";140905382;Безопасность и комфорт;302308;https://prom.ua/Trevozhnye-knopki-i-knopki-vyhoda;"V, Vmin, noindex";;Вага;г;;Тип устройства;;Безконтактна
131;https://viatec.ua/catalog/access-reader/0:0;site;;"0,85";"1,19";127628173;Считыватели;301311;https://prom.ua/Schityvateli;V;;Вага;г;;;;
132;https://viatec.ua/catalog/access-reader/0:0;prom;prom_;"0,9";"1,3";140905382;Безопасность и комфорт;301311;https://prom.ua/Schityvateli;"V, Vmin, noindex";;Вага;г;;;;
133;https://viatec.ua/catalog/access-controller/0:0;site;;"0,85";"1,19";127628176;Контроллеры;301312;https://prom.ua/Kontrollery;V;;Вага;г;;;;
134;https://viatec.ua/catalog/access-controller/0:0;prom;prom_;"0,9";"1,3";140905382;Безопасность и комфорт;301312;https://prom.ua/Kontrollery;"V, Vmin, noindex";;Вага;г;;;;
135;https://viatec.ua/catalog/access-accessories/0:0;site;;"0,85";"1,19";16703618;Комплектующие для контроля доступа;3030;https://prom.ua/Sistemy-kontrolya-dostupa;V;;Вага;г;;Тип устройства;;Комплектуючі для СККД
136;https://viatec.ua/catalog/access-accessories/0:0;prom;prom_;"0,9";"1,3";140905382;Безопасность и комфорт;3030;https://prom.ua/Sistemy-kontrolya-dostupa;"V, Vmin, noindex";;Вага;г;;Тип устройства;;Комплектуючі для СККД
137;https://viatec.ua/catalog/access-closer/0:0;site;;"0,9";"1,19";152088624;Дверные доводчики;15380311;https://prom.ua/Dovodchiki-dverej;V;;Вага;г;;;;
138;https://viatec.ua/catalog/access-closer/0:0;prom;prom_;"0,95";"1,3";140905382;Безопасность и комфорт;15380311;https://prom.ua/Dovodchiki-dverej;"V, Vmin, noindex";;Вага;г;;;;
139;https://viatec.ua/catalog/access-cart/0:0;site;;"0,85";"1,19";127628160;Карты и ключи для домофона;301310;https://prom.ua/Identifikatory;V;;Вага;г;;;;
140;https://viatec.ua/catalog/access-cart/0:0;prom;prom_;"0,9";"1,3";140905382;Безопасность и комфорт;301310;https://prom.ua/Identifikatory;"V, Vmin, noindex";;Вага;г;;;;
141;"https://viatec.ua/catalog/parking-systems/0:0;89:899";site;;"0,9";"1,19";152481192;Системы парковки;135605;https://prom.ua/Shlagbaumy;V;;Вага;кг;;Тип устройства;;Шлагбауми
142;"https://viatec.ua/catalog/parking-systems/0:0;89:899";prom;prom_;1;"1,3";140905382;Безопасность и комфорт;135605;https://prom.ua/Shlagbaumy;"V, Vmin, noindex";;Вага;кг;;Тип устройства;;Шлагбауми
143;"https://viatec.ua/catalog/parking-systems/0:0;89:barier-parkuvalnii,blok-miscia";site;;"0,9";"1,19";152481192;Системы парковки;301501;https://prom.ua/Dorozhnye-ograzhdeniya;V;;Вага;кг;;Тип устройства;;Блокувальник паркувального місця
144;"https://viatec.ua/catalog/parking-systems/0:0;89:barier-parkuvalnii,blok-miscia";prom;prom_;1;"1,3";140905382;Безопасность и комфорт;301501;https://prom.ua/Dorozhnye-ograzhdeniya;"V, Vmin, noindex";;Вага;кг;;Тип устройства;;Блокувальник паркувального місця
145;"https://viatec.ua/catalog/parking-systems/0:0;89:338,898,900,1299,komplekt-sharnir,komplekt-pruzhin,signalna-lampa,fotoelement,radar-vhid";site;;"0,9";"1,19";152481192;Системы парковки;13560901;https://prom.ua/Aksessuary-dlya-vorot-i-shagbaumov;V;;Вага;кг;;Тип устройства;;Комплектуючі до шлагбаумів
146;"https://viatec.ua/catalog/parking-systems/0:0;89:338,898,900,1299,komplekt-sharnir,komplekt-pruzhin,signalna-lampa,fotoelement,radar-vhid";prom;prom_;1;"1,3";140905382;Безопасность и комфорт;13560901;https://prom.ua/Aksessuary-dlya-vorot-i-shagbaumov;"V, Vmin, noindex";;Вага;кг;;Тип устройства;;Комплектуючі до шлагбаумів
147;https://viatec.ua/catalog/boksi-montazhni/0:0;site;;"0,9";"1,19";17012456;Серверные шкафы;70306;https://prom.ua/Shkafy-servernye;V;;Вага;кг;;Тип устройства;;Бокси монтажні
148;https://viatec.ua/catalog/boksi-montazhni/0:0;prom;prom_;"0,95";"1,3";140905382;Безопасность и комфорт;70306;https://prom.ua/Shkafy-servernye;"V, Vmin, noindex";;Вага;кг;;Тип устройства;;Бокси монтажні
149;https://viatec.ua/catalog/shkafi/0:0;site;;"0,9";"1,19";17012456;Серверные шкафы;70306;https://prom.ua/Shkafy-servernye;V;;Вага;кг;;Тип устройства;;Серверні шафи
150;https://viatec.ua/catalog/shkafi/0:0;prom;prom_;"0,95";"1,3";140905382;Безопасность и комфорт;70306;https://prom.ua/Shkafy-servernye;"V, Vmin, noindex";;Вага;кг;;Тип устройства;;Серверні шафи
151;"https://viatec.ua/catalog/equipment-cable/0:0;80:849";site;;"0,85";"1,19";17012111;Кабель;7190605;https://prom.ua/Kabel-telefonnyj;V;;Вага;кг;;Тип устройства;;Мережевий
152;"https://viatec.ua/catalog/equipment-cable/0:0;80:849";prom;prom_;1;"1,3";140905382;Безопасность и комфорт;7190605;https://prom.ua/Kabel-telefonnyj;"V, Vmin, noindex";;Вага;кг;;Тип устройства;;Мережевий
153;"https://viatec.ua/catalog/equipment-cable/0:0;80:307";site;;"0,85";"1,19";17012111;Кабель;7190605;https://prom.ua/Kabel-telefonnyj;V;;Вага;кг;;Тип устройства;;Сигнальний
154;"https://viatec.ua/catalog/equipment-cable/0:0;80:307";prom;prom_;"0,95";"1,3";140905382;Безопасность и комфорт;7190605;https://prom.ua/Kabel-telefonnyj;"V, Vmin, noindex";;Вага;кг;;Тип устройства;;Сигнальний
155;"https://viatec.ua/catalog/equipment-cable/0:0;80:308";site;;"0,85";"1,19";17012111;Кабель;7190605;https://prom.ua/Kabel-telefonnyj;V;;Вага;кг;;Тип устройства;;Силовий
156;"https://viatec.ua/catalog/equipment-cable/0:0;80:308";prom;prom_;"0,95";"1,3";140905382;Безопасность и комфорт;7190605;https://prom.ua/Kabel-telefonnyj;"V, Vmin, noindex";;Вага;кг;;Тип устройства;;Силовий
157;"https://viatec.ua/catalog/equipment-cable/0:0;80:306";site;;"0,85";"1,19";17012111;Кабель;7190605;https://prom.ua/Kabel-telefonnyj;V;;Вага;кг;;Тип устройства;;Коаксіальний
158;"https://viatec.ua/catalog/equipment-cable/0:0;80:306";prom;prom_;"0,95";"1,3";140905382;Безопасность и комфорт;7190605;https://prom.ua/Kabel-telefonnyj;"V, Vmin, noindex";;Вага;кг;;Тип устройства;;Коаксіальний
159;"https://viatec.ua/catalog/equipment-cable/0:0;80:845";site;;"0,85";"1,19";17012111;Кабель;7190605;https://prom.ua/Kabel-telefonnyj;V;;Вага;кг;;Тип устройства;;Комбінований
160;"https://viatec.ua/catalog/equipment-cable/0:0;80:845";prom;prom_;"0,95";"1,3";140905382;Безопасность и комфорт;7190605;https://prom.ua/Kabel-telefonnyj;"V, Vmin, noindex";;Вага;кг;;Тип устройства;;Комбінований
161;"https://viatec.ua/catalog/equipment-cable/0:0;80:111";site;;"0,85";"1,19";17012111;Кабель;7190605;https://prom.ua/Kabel-telefonnyj;V;;Вага;кг;;Тип устройства;;Оптичний
162;"https://viatec.ua/catalog/equipment-cable/0:0;80:111";prom;prom_;"0,95";"1,3";140905382;Безопасность и комфорт;7190605;https://prom.ua/Kabel-telefonnyj;"V, Vmin, noindex";;Вага;кг;;Тип устройства;;Оптичний
163;"https://viatec.ua/catalog/equipment-cable/0:0;80:777787";site;;"0,85";"1,19";17012111;Кабель;7190605;https://prom.ua/Kabel-telefonnyj;V;;Вага;кг;;Тип устройства;;Патч-корд оптичний
164;"https://viatec.ua/catalog/equipment-cable/0:0;80:777787";prom;prom_;"0,95";"1,3";140905382;Безопасность и комфорт;7190605;https://prom.ua/Kabel-telefonnyj;"V, Vmin, noindex";;Вага;кг;;Тип устройства;;Патч-корд оптичний
165;"https://viatec.ua/catalog/equipment-cable/0:0;80:pigteil-opt";site;;"0,85";"1,19";17012111;Кабель;7190605;https://prom.ua/Kabel-telefonnyj;V;;Вага;кг;;Тип устройства;;Пігтейл оптичний
166;"https://viatec.ua/catalog/equipment-cable/0:0;80:pigteil-opt";prom;prom_;"0,95";"1,3";140905382;Безопасность и комфорт;7190605;https://prom.ua/Kabel-telefonnyj;"V, Vmin, noindex";;Вага;кг;;Тип устройства;;Пігтейл оптичний
167;"https://viatec.ua/catalog/equipment-cable/0:0;80:821";site;;"0,85";"1,19";17012111;Кабель;7190605;https://prom.ua/Kabel-telefonnyj;V;;Вага;кг;;Тип устройства;;HDMI
168;"https://viatec.ua/catalog/equipment-cable/0:0;80:821";prom;prom_;"0,95";"1,3";140905382;Безопасность и комфорт;7190605;https://prom.ua/Kabel-telefonnyj;"V, Vmin, noindex";;Вага;кг;;Тип устройства;;HDMI
169;"https://viatec.ua/catalog/equipment-cable/0:0;80:hdmi-dvi-d";site;;"0,85";"1,19";17012111;Кабель;7190605;https://prom.ua/Kabel-telefonnyj;V;;Вага;кг;;Тип устройства;;HDMI-DVI-D
170;"https://viatec.ua/catalog/equipment-cable/0:0;80:hdmi-dvi-d";prom;prom_;"0,95";"1,3";140905382;Безопасность и комфорт;7190605;https://prom.ua/Kabel-telefonnyj;"V, Vmin, noindex";;Вага;кг;;Тип устройства;;HDMI-DVI-D
171;"https://viatec.ua/catalog/equipment-cable/0:0;80:displayport-hdmi";site;;"0,85";"1,19";17012111;Кабель;7190605;https://prom.ua/Kabel-telefonnyj;V;;Вага;кг;;Тип устройства;;DisplayPort-HDMI
172;"https://viatec.ua/catalog/equipment-cable/0:0;80:displayport-hdmi";prom;prom_;"0,95";"1,3";140905382;Безопасность и комфорт;7190605;https://prom.ua/Kabel-telefonnyj;"V, Vmin, noindex";;Вага;кг;;Тип устройства;;DisplayPort-HDMI
173;"https://viatec.ua/catalog/equipment-cable/0:0;80:sata";site;;"0,85";"1,19";17012111;Кабель;7190605;https://prom.ua/Kabel-telefonnyj;V;;Вага;кг;;Тип устройства;;SATA
174;"https://viatec.ua/catalog/equipment-cable/0:0;80:sata";prom;prom_;"0,95";"1,3";140905382;Безопасность и комфорт;7190605;https://prom.ua/Kabel-telefonnyj;"V, Vmin, noindex";;Вага;кг;;Тип устройства;;SATA
175;https://viatec.ua/catalog/switches/0:0;site;;"0,85";"1,19";23295147;Коммутаторы;71903;https://prom.ua/Kommutatory;V;;Вага;г;;;;
176;https://viatec.ua/catalog/switches/0:0;prom;prom_;"0,95";"1,3";140905382;Безопасность и комфорт;71903;https://prom.ua/Kommutatory;"V, Vmin, noindex";;Вага;г;;;;
177;https://viatec.ua/catalog/network-routers/0:0;site;;"0,9";"1,19";90997677;Маршрутизаторы;71902;https://prom.ua/Routeryi;V;;Вага;г;;;;
178;https://viatec.ua/catalog/network-routers/0:0;prom;prom_;"0,95";"1,3";140905382;Безопасность и комфорт;71902;https://prom.ua/Routeryi;"V, Vmin, noindex";;Вага;г;;;;
179;https://viatec.ua/catalog/network-ap/0:0;site;;"0,9";"1,19";90997694;Точки доступа;7190603;https://prom.ua/Setevye-kontsentratory;V;;Вага;г;;;;
180;https://viatec.ua/catalog/network-ap/0:0;prom;prom_;"0,95";"1,3";140905382;Безопасность и комфорт;7190603;https://prom.ua/Setevye-kontsentratory;"V, Vmin, noindex";;Вага;г;;;;
181;https://viatec.ua/catalog/network-injectors/0:0;site;;"0,85";"1,19";152090354;Инжекторы;50928;https://prom.ua/Oborudovanie-dlya-pitaniya-po-ethernet;V;;Вага;г;;;;
182;https://viatec.ua/catalog/network-injectors/0:0;prom;prom_;"0,9";"1,3";140905382;Безопасность и комфорт;50928;https://prom.ua/Oborudovanie-dlya-pitaniya-po-ethernet;"V, Vmin, noindex";;Вага;г;;;;
183;https://viatec.ua/catalog/wi-fi-mosti/0:0;site;;"0,9";"1,19";152090439;Wi-Fi мосты;5090506;https://prom.ua/Mosty-shlyuzy-besprovodnyh-setej;V;;Вага;г;;;;
184;https://viatec.ua/catalog/wi-fi-mosti/0:0;prom;prom_;"0,95";"1,3";140905382;Безопасность и комфорт;5090506;https://prom.ua/Mosty-shlyuzy-besprovodnyh-setej;"V, Vmin, noindex";;Вага;г;;;;
185;https://viatec.ua/catalog/network-EoC/0:0;site;;"0,9";"1,19";152090654;"Конвертеры, SFP модули";5092006;https://prom.ua/Opticheskij-konverter;V;;Вага;г;;;;
186;https://viatec.ua/catalog/network-EoC/0:0;prom;prom_;"0,95";"1,3";140905382;Безопасность и комфорт;5092006;https://prom.ua/Opticheskij-konverter;"V, Vmin, noindex";;Вага;г;;;;
187;https://viatec.ua/catalog/network-storage/0:0;site;;"0,9";"1,19";152481294;Сетевые хранилища;70807;https://prom.ua/Setevye-nakopiteli;V;;Вага;г;;;;
188;https://viatec.ua/catalog/network-storage/0:0;prom;prom_;1;"1,3";140905382;Безопасность и комфорт;70807;https://prom.ua/Setevye-nakopiteli;"V, Vmin, noindex";;Вага;г;;;;
189;"https://viatec.ua/catalog/setevie-aksessuari/0:0;tip-setevih-acc:patch-panel";site;;"0,85";"1,19";152090742;Комплектующие для сетевого оборудования;5092902;https://prom.ua/Patch-paneli;V;;Вага;г;;Тип устройства;;Патч-панелі
190;"https://viatec.ua/catalog/setevie-aksessuari/0:0;tip-setevih-acc:patch-panel";prom;prom_;"0,95";"1,3";140905382;Безопасность и комфорт;5092902;https://prom.ua/Patch-paneli;"V, Vmin, noindex";;Вага;г;;Тип устройства;;Патч-панелі
191;"https://viatec.ua/catalog/mounting-kit/0:0;montazh-vitoi-pari:zednuvach,konektor";site;;"0,85";"1,19";152090742;Комплектующие для сетевого оборудования;14190406;https://prom.ua/Razemy-i-konnektory;V;;Вага;г;;Тип устройства;;Конектори і з'єднувачі для крученої пари
192;"https://viatec.ua/catalog/mounting-kit/0:0;montazh-vitoi-pari:zednuvach,konektor";prom;prom_;"0,95";"1,3";140905382;Безопасность и комфорт;14190406;https://prom.ua/Razemy-i-konnektory;"V, Vmin, noindex";;Вага;г;;Тип устройства;;Конектори і з'єднувачі для крученої пари
193;"https://viatec.ua/catalog/setevie-aksessuari/0:0;tip-setevih-acc:3320";site;;"0,85";"1,19";152090742;Комплектующие для сетевого оборудования;70308;https://prom.ua/Aksessuary-i-komplektuyuschie-dlya-servernogo-oborudovaniya;V;;Вага;г;;Тип устройства;;Полиця
194;"https://viatec.ua/catalog/setevie-aksessuari/0:0;tip-setevih-acc:3320";prom;prom_;"0,95";"1,3";140905382;Безопасность и комфорт;70308;https://prom.ua/Aksessuary-i-komplektuyuschie-dlya-servernogo-oborudovaniya;"V, Vmin, noindex";;Вага;г;;Тип устройства;;Полиця
195;"https://viatec.ua/catalog/setevie-aksessuari/0:0;tip-setevih-acc:silovii-blok";site;;"0,85";"1,19";152090742;Комплектующие для сетевого оборудования;70308;https://prom.ua/Aksessuary-i-komplektuyuschie-dlya-servernogo-oborudovaniya;V;;Вага;г;;Тип устройства;;Силовий блок
196;"https://viatec.ua/catalog/setevie-aksessuari/0:0;tip-setevih-acc:silovii-blok";prom;prom_;"0,95";"1,3";140905382;Безопасность и комфорт;70308;https://prom.ua/Aksessuary-i-komplektuyuschie-dlya-servernogo-oborudovaniya;"V, Vmin, noindex";;Вага;г;;Тип устройства;;Силовий блок
197;"https://viatec.ua/catalog/setevie-aksessuari/0:0;tip-setevih-acc:444848,55585,shnur-zhivlennia,897797,44064,ventiliatornii-blok,termostat,element-vent-bloku,reiki,shitkovii-vid,kronshtein,zaglushka,rek,nizhka,opora-dlia-stiiki,stik-kub,nabir-gayok,kolesa-kub,gvint,ruchka-kub,panel-kub,rozshir1,din-panel,zamok,blok-ventil";site;;"0,85";"1,19";152090742;Комплектующие для сетевого оборудования;70308;https://prom.ua/Aksessuary-i-komplektuyuschie-dlya-servernogo-oborudovaniya;V;;Вага;г;;Тип устройства;;Інше обладнання для шаф
198;"https://viatec.ua/catalog/setevie-aksessuari/0:0;tip-setevih-acc:444848,55585,shnur-zhivlennia,897797,44064,ventiliatornii-blok,termostat,element-vent-bloku,reiki,shitkovii-vid,kronshtein,zaglushka,rek,nizhka,opora-dlia-stiiki,stik-kub,nabir-gayok,kolesa-kub,gvint,ruchka-kub,panel-kub,rozshir1,din-panel,zamok,blok-ventil";prom;prom_;"0,95";"1,3";140905382;Безопасность и комфорт;70308;https://prom.ua/Aksessuary-i-komplektuyuschie-dlya-servernogo-oborudovaniya;"V, Vmin, noindex";;Вага;г;;Тип устройства;;Інше обладнання для шаф
199;https://viatec.ua/catalog/patch-kordi-45/0:0;site;;"0,85";"1,19";152090742;Комплектующие для сетевого оборудования;7190604;https://prom.ua/Patch-kordy;V;;Вага;г;;Тип устройства;;Патч-корд
200;https://viatec.ua/catalog/patch-kordi-45/0:0;prom;prom_;"0,95";"1,3";140905382;Безопасность и комфорт;7190604;https://prom.ua/Patch-kordy;"V, Vmin, noindex";;Вага;г;;Тип устройства;;Патч-корд
201;https://viatec.ua/catalog/istochniki-bespereboinogo-pitania-12-24v/0:0;site;;"0,85";"1,19";127351912;Источники бесперебойного питания 12-24В;14191106;https://prom.ua/Istochnik-besperebojnogo-pitaniya-ibp;V;;Вага;кг;;Тип устройства;;Джерела безперебійного живлення 12-24В
202;https://viatec.ua/catalog/istochniki-bespereboinogo-pitania-12-24v/0:0;prom;prom_;"0,95";"1,3";140905382;Безопасность и комфорт;14191106;https://prom.ua/Istochnik-besperebojnogo-pitaniya-ibp;"V, Vmin, noindex";;Вага;кг;;Тип устройства;;Джерела безперебійного живлення 12-24В
203;https://viatec.ua/catalog/istochniki-bespereboinogo-pitania-220v/0:0;site;;"0,85";"1,19";127351948;"ИБП, инверторы, стабилизаторы 220В";14191106;https://prom.ua/Istochnik-besperebojnogo-pitaniya-ibp;V;;Вага;кг;;Тип устройства;;"ДБЖ, стабілізатори 220В"
204;https://viatec.ua/catalog/istochniki-bespereboinogo-pitania-220v/0:0;prom;prom_;"0,95";"1,3";140905382;Безопасность и комфорт;14191106;https://prom.ua/Istochnik-besperebojnogo-pitaniya-ibp;"V, Vmin, noindex";;Вага;кг;;Тип устройства;;"ДБЖ, стабілізатори 220В"
205;https://viatec.ua/catalog/equipment-power-supply/0:0;site;;"0,85";"1,19";127351950;Блоки питания;14191103;https://prom.ua/Promyshlennye-istochniki-pitaniya;V;;Вага;кг;;;;
206;https://viatec.ua/catalog/equipment-power-supply/0:0;prom;prom_;"0,95";"1,3";140905382;Безопасность и комфорт;14191103;https://prom.ua/Promyshlennye-istochniki-pitaniya;"V, Vmin, noindex";;Вага;кг;;;;
207;https://viatec.ua/catalog/equipment-batteries/0:0;site;;"0,85";"1,19";127351973;Свинцовые аккумуляторы;5280501;https://prom.ua/Akkumulyatornye-bloki;V;;Вага;кг;;Тип устройства;;Свинцеві акумулятори
208;https://viatec.ua/catalog/equipment-batteries/0:0;prom;prom_;"0,95";"1,3";140905382;Безопасность и комфорт;5280501;https://prom.ua/Akkumulyatornye-bloki;"V, Vmin, noindex";;Вага;кг;;Тип устройства;;Свинцеві акумулятори
209;https://viatec.ua/catalog/litievi-akumuliatori/0:0;site;;"0,85";"1,19";144038788;Литивые аккумуляторы;5280501;https://prom.ua/Akkumulyatornye-bloki;V;;Вага;кг;;Тип устройства;;Акумулятори літієві
210;https://viatec.ua/catalog/litievi-akumuliatori/0:0;prom;prom_;"0,95";"1,3";140905382;Безопасность и комфорт;5280501;https://prom.ua/Akkumulyatornye-bloki;"V, Vmin, noindex";;Вага;кг;;Тип устройства;;Акумулятори літієві
211;https://viatec.ua/catalog/invertori/0:0;site;;"0,9";"1,19";144038804;Инверторы;5140401;https://prom.ua/Invertory;V;;Вага;кг;;;;
212;https://viatec.ua/catalog/invertori/0:0;prom;prom_;1;"1,3";140905382;Безопасность и комфорт;5140401;https://prom.ua/Invertory;"V, Vmin, noindex";;Вага;кг;;;;
213;https://viatec.ua/catalog/sistemi-nakopichennia-energii/0:0;site;;"0,9";"1,19";144038790;Системы накопления энергии BESS;14191106;https://prom.ua/Istochnik-besperebojnogo-pitaniya-ibp;V;;Вага;кг;;Тип устройства;;Системи накопичення енергії BESS
214;https://viatec.ua/catalog/sistemi-nakopichennia-energii/0:0;prom;prom_;1;"1,3";140905382;Безопасность и комфорт;14191106;https://prom.ua/Istochnik-besperebojnogo-pitaniya-ibp;"V, Vmin, noindex";;Вага;кг;;Тип устройства;;Системи накопичення енергії BESS
215;https://viatec.ua/catalog/avtonomni-sistemi-zhivlennia/0:0;site;;"0,9";"1,19";144038805;Автономные системы питания;14191106;https://prom.ua/Istochnik-besperebojnogo-pitaniya-ibp;V;;Вага;кг;;Тип устройства;;Автономні системи живлення
216;https://viatec.ua/catalog/avtonomni-sistemi-zhivlennia/0:0;prom;prom_;1;"1,3";140905382;Безопасность и комфорт;14191106;https://prom.ua/Istochnik-besperebojnogo-pitaniya-ibp;"V, Vmin, noindex";;Вага;кг;;Тип устройства;;Автономні системи живлення
217;https://viatec.ua/catalog/zariadnie-ustroistva/0:0;site;;"0,9";"1,19";151114178;Зарядные станции;500901;https://prom.ua/Zaryadnye-stantsii;V;;Вага;кг;;;;
218;https://viatec.ua/catalog/zariadnie-ustroistva/0:0;prom;prom_;1;"1,3";140905382;Безопасность и комфорт;500901;https://prom.ua/Zaryadnye-stantsii;"V, Vmin, noindex";;Вага;кг;;;;
219;https://viatec.ua/catalog/soniachni-paneli/0:0;site;;"0,9";"1,19";152084397;Солнечные панели;52806;https://prom.ua/Fotoelementy-i-solnechnye-paneli;V;;Вага;кг;;;;
220;https://viatec.ua/catalog/soniachni-paneli/0:0;prom;prom_;1;"1,3";140905382;Безопасность и комфорт;52806;https://prom.ua/Fotoelementy-i-solnechnye-paneli;"V, Vmin, noindex";;Вага;кг;;;;
221;https://viatec.ua/catalog/kontroleri/0:0;site;;"0,9";"1,19";152084437;Контроллеры заряда для солнечных панелей;100703;https://prom.ua/Solnechnye-kontrollery;V;;Вага;кг;;;;
222;https://viatec.ua/catalog/kontroleri/0:0;prom;prom_;1;"1,3";140905382;Безопасность и комфорт;100703;https://prom.ua/Solnechnye-kontrollery;"V, Vmin, noindex";;Вага;кг;;;;
223;https://viatec.ua/catalog/soniachni-aksesuari/0:0;site;;"0,9";"1,19";152084460;Комплектующие для солнечных панелей;101003;https://prom.ua/Komplektuyuschie-dlya-alternativnyh-istochnikov-energii;V;;Вага;г;;Тип устройства;;Комплектуючі для сонячних панелей
224;https://viatec.ua/catalog/soniachni-aksesuari/0:0;prom;prom_;1;"1,3";140905382;Безопасность и комфорт;101003;https://prom.ua/Komplektuyuschie-dlya-alternativnyh-istochnikov-energii;"V, Vmin, noindex";;Вага;г;;Тип устройства;;Комплектуючі для сонячних панелей
225;https://viatec.ua/catalog/kriplennia-soniachnih-panelei/0:0;site;;"0,9";"1,19";152084460;Комплектующие для солнечных панелей;101003;https://prom.ua/Komplektuyuschie-dlya-alternativnyh-istochnikov-energii;V;;Вага;г;;Тип устройства;;Кріплення для сонячних панелей
226;https://viatec.ua/catalog/kriplennia-soniachnih-panelei/0:0;prom;prom_;1;"1,3";140905382;Безопасность и комфорт;101003;https://prom.ua/Komplektuyuschie-dlya-alternativnyh-istochnikov-energii;"V, Vmin, noindex";;Вага;г;;Тип устройства;;Кріплення для сонячних панелей
227;https://viatec.ua/catalog/soniachnii-kabel/0:0;site;;"0,9";"1,19";152084594;Кабель для солнечных панелей;7190605;https://prom.ua/Kabel-telefonnyj;V;;Вага;г;;Тип устройства;;Кабель для сонячних панелей
228;https://viatec.ua/catalog/soniachnii-kabel/0:0;prom;prom_;1;"1,3";140905382;Безопасность и комфорт;7190605;https://prom.ua/Kabel-telefonnyj;"V, Vmin, noindex";;Вага;г;;Тип устройства;;Кабель для сонячних панелей
229;https://viatec.ua/catalog/generatori/0:0;site;;"0,9";"1,19";152084669;Генераторы;410402;https://prom.ua/Dizel-generatory;V;;Вага;кг;;;;
230;https://viatec.ua/catalog/generatori/0:0;prom;prom_;1;"1,3";140905382;Безопасность и комфорт;410402;https://prom.ua/Dizel-generatory;"V, Vmin, noindex";;Вага;кг;;;;
231;https://viatec.ua/catalog/batareiki-ta-akumuliatori/0:0;site;;"0,9";"1,19";152084678;Батарейки;1507;https://prom.ua/Batarejki;V;;Вага;г;;;;
232;https://viatec.ua/catalog/batareiki-ta-akumuliatori/0:0;prom;prom_;"0,95";"1,3";140905382;Безопасность и комфорт;1507;https://prom.ua/Batarejki;"V, Vmin, noindex";;Вага;г;;;;
233;"https://viatec.ua/catalog/poverbanki/0:0;rozemi-adapteriv:usba,usbc";site;;"0,9";"1,19";152084703;"Повербанки, адаптеры питания";71109;https://prom.ua/Vneshnie-akkumulyatory-dlya-tsifrovoj-tehniki;V;;Вага;г;;Тип устройства;;Адаптери
234;"https://viatec.ua/catalog/poverbanki/0:0;rozemi-adapteriv:usba,usbc";prom;prom_;"0,95";"1,3";140905382;Безопасность и комфорт;71109;https://prom.ua/Vneshnie-akkumulyatory-dlya-tsifrovoj-tehniki;"V, Vmin, noindex";;Вага;г;;Тип устройства;;Адаптери
235;"https://viatec.ua/catalog/poverbanki/0:0;emkost-paverbank:109,203,8000,3000,50000,40000,24000";site;;"0,9";"1,19";152084703;"Повербанки, адаптеры питания";71109;https://prom.ua/Vneshnie-akkumulyatory-dlya-tsifrovoj-tehniki;V;;Вага;г;;Тип устройства;;Повербанки
236;"https://viatec.ua/catalog/poverbanki/0:0;emkost-paverbank:109,203,8000,3000,50000,40000,24000";prom;prom_;"0,95";"1,3";140905382;Безопасность и комфорт;71109;https://prom.ua/Vneshnie-akkumulyatory-dlya-tsifrovoj-tehniki;"V, Vmin, noindex";;Вага;г;;Тип устройства;;Повербанки
237;"https://viatec.ua/catalog/poverbanki/0:0;rozemi-kabeliv:lightning-usba,usbc-usba,microusb-usba,usbc-lightning,usbc-usbc,micro-c,usb-a-c-lmc,usb-a-a";site;;"0,9";"1,19";152084703;"Повербанки, адаптеры питания";71109;https://prom.ua/Vneshnie-akkumulyatory-dlya-tsifrovoj-tehniki;V;;Вага;г;;Тип устройства;;Кабелі для гаджетів
238;"https://viatec.ua/catalog/poverbanki/0:0;rozemi-kabeliv:lightning-usba,usbc-usba,microusb-usba,usbc-lightning,usbc-usbc,micro-c,usb-a-c-lmc,usb-a-a";prom;prom_;"0,95";"1,3";140905382;Безопасность и комфорт;71109;https://prom.ua/Vneshnie-akkumulyatory-dlya-tsifrovoj-tehniki;"V, Vmin, noindex";;Вага;г;;Тип устройства;;Кабелі для гаджетів
239;https://viatec.ua/catalog/zariadni-pristroi-dlia-akumuliatoriv/0:0;site;;"0,9";"1,19";152086699;Зарядные устройства и аксессуары для аккумуляторов;410201;https://prom.ua/Zaryadnye-ustrojstva-dlya-akkumulyatorov;V;;Вага;г;;;;
240;https://viatec.ua/catalog/zariadni-pristroi-dlia-akumuliatoriv/0:0;prom;prom_;"0,95";"1,3";140905382;Безопасность и комфорт;410201;https://prom.ua/Zaryadnye-ustrojstva-dlya-akkumulyatorov;"V, Vmin, noindex";;Вага;г;;;;
241;"https://viatec.ua/catalog/elektroinstrumenti/0:0;drili:shurupokrut,dril,gaikokrut,perforator,vidbii-molotok";site;;"0,9";"1,19";152104243;Електроінструменти;141735;https://prom.ua/Mnogofunktsionalnye-instrumenty;V;;Вага;кг;;Тип устройства;;"Шуруповерти, дрилі, перфоратори"
242;"https://viatec.ua/catalog/elektroinstrumenti/0:0;drili:shurupokrut,dril,gaikokrut,perforator,vidbii-molotok";prom;prom_;"0,95";"1,3";140905382;Безопасность и комфорт;141735;https://prom.ua/Mnogofunktsionalnye-instrumenty;"V, Vmin, noindex";;Вага;кг;;Тип устройства;;"Шуруповерти, дрилі, перфоратори"
243;"https://viatec.ua/catalog/elektroinstrumenti/0:0;pilki:diskova,lancugova,shabelna,torcuvalna";site;;"0,9";"1,19";152104243;Електроінструменти;141735;https://prom.ua/Mnogofunktsionalnye-instrumenty;V;;Вага;кг;;Тип устройства;;Пилки
244;"https://viatec.ua/catalog/elektroinstrumenti/0:0;pilki:diskova,lancugova,shabelna,torcuvalna";prom;prom_;"0,95";"1,3";140905382;Безопасность и комфорт;141735;https://prom.ua/Mnogofunktsionalnye-instrumenty;"V, Vmin, noindex";;Вага;кг;;Тип устройства;;Пилки
245;"https://viatec.ua/catalog/elektroinstrumenti/0:0;detektori:nivelir,dalnomir,detektor-provodki,teplovizor,pirometr";site;;"0,9";"1,19";152104243;Електроінструменти;141735;https://prom.ua/Mnogofunktsionalnye-instrumenty;V;;Вага;кг;;Тип устройства;;"Нівеліри,далекоміри,детектори"
246;"https://viatec.ua/catalog/elektroinstrumenti/0:0;detektori:nivelir,dalnomir,detektor-provodki,teplovizor,pirometr";prom;prom_;"0,95";"1,3";140905382;Безопасность и комфорт;141735;https://prom.ua/Mnogofunktsionalnye-instrumenty;"V, Vmin, noindex";;Вага;кг;;Тип устройства;;"Нівеліри,далекоміри,детектори"
247;"https://viatec.ua/catalog/elektroinstrumenti/0:0;tip-instrumentu-elektro:kutova-shlifmashina,porohotiag,kleiovii-pistolet,lihtarik,nabir,fen,frezer,shlifmashina-po-gipcu,lobzik,verstat-sverlilnii,kraskopult,verstat,nasos-pompa,unvers-shitka,shtativ,vibro-shlifmachina,tochilnii-stanok,bagatofunk-instrument,mishalka,kompresor,reismus,pnevmoinstrument,shtroboriz,prozhektor,radio,holodilnik,paroochisnik,vikonnii-pilosos,gazova-lampa,elektroshvabra";site;;"0,9";"1,19";152104243;Електроінструменти;141735;https://prom.ua/Mnogofunktsionalnye-instrumenty;V;;Вага;кг;;Тип устройства;;Інший інструмент
248;"https://viatec.ua/catalog/elektroinstrumenti/0:0;tip-instrumentu-elektro:kutova-shlifmashina,porohotiag,kleiovii-pistolet,lihtarik,nabir,fen,frezer,shlifmashina-po-gipcu,lobzik,verstat-sverlilnii,kraskopult,verstat,nasos-pompa,unvers-shitka,shtativ,vibro-shlifmachina,tochilnii-stanok,bagatofunk-instrument,mishalka,kompresor,reismus,pnevmoinstrument,shtroboriz,prozhektor,radio,holodilnik,paroochisnik,vikonnii-pilosos,gazova-lampa,elektroshvabra";prom;prom_;"0,95";"1,3";140905382;Безопасность и комфорт;141735;https://prom.ua/Mnogofunktsionalnye-instrumenty;"V, Vmin, noindex";;Вага;кг;;Тип устройства;;Інший інструмент
249;"https://viatec.ua/catalog/elektroinstrumenti/0:0;elektro-aks:krug-metal,shlifkrug,vidriz-nerzhaviika,vidriz-beton,obdir-stal,nabir-sverdl-po-metalu,nabir-sverdl-i-bit,nabir-sverdl-po-betonu,acumuliator,slusarne-zubilo,zariadne,poiasna-sumka,mastilo-hvostovik,zatiskna-gaika,polotna-dlia-lobzika,keis,kutovii-perehidnik,ekscentr-nasadka,shvidkozmin-trimach,shvidkozmin-patron,disk-torcuvalnii,lancug-pilka,cviahi,sverdla-keramika,sverdla-po-derevu,zariadne-akum,sumka,nasadka-parochisnika,sverdla-kombinovani,polotna-renovator,mishok-pilesos,nasadka-kut-graver,gnuchkii-val-graver,klei-strizhen,nasadka-paialnik,shtativ-graver,stiika-sverdlinnia,kozhuh-shlifuv,pilevidalennia,torc-shina,nabir-koronok";site;;"0,9";"1,19";152104243;Електроінструменти;141735;https://prom.ua/Mnogofunktsionalnye-instrumenty;V;;Вага;кг;;Тип устройства;;Комплектуючі для електроінструменту
250;"https://viatec.ua/catalog/elektroinstrumenti/0:0;elektro-aks:krug-metal,shlifkrug,vidriz-nerzhaviika,vidriz-beton,obdir-stal,nabir-sverdl-po-metalu,nabir-sverdl-i-bit,nabir-sverdl-po-betonu,acumuliator,slusarne-zubilo,zariadne,poiasna-sumka,mastilo-hvostovik,zatiskna-gaika,polotna-dlia-lobzika,keis,kutovii-perehidnik,ekscentr-nasadka,shvidkozmin-trimach,shvidkozmin-patron,disk-torcuvalnii,lancug-pilka,cviahi,sverdla-keramika,sverdla-po-derevu,zariadne-akum,sumka,nasadka-parochisnika,sverdla-kombinovani,polotna-renovator,mishok-pilesos,nasadka-kut-graver,gnuchkii-val-graver,klei-strizhen,nasadka-paialnik,shtativ-graver,stiika-sverdlinnia,kozhuh-shlifuv,pilevidalennia,torc-shina,nabir-koronok";prom;prom_;"0,95";"1,3";140905382;Безопасность и комфорт;141735;https://prom.ua/Mnogofunktsionalnye-instrumenty;"V, Vmin, noindex";;Вага;кг;;Тип устройства;;Комплектуючі для електроінструменту
251;https://viatec.ua/catalog/ruchnii-instrument/0:0;site;;"0,9";"1,19";152133169;Ручной инструмент;141735;https://prom.ua/Mnogofunktsionalnye-instrumenty;V;;Вага;кг;;Тип устройства;;Ручний інструмент
252;https://viatec.ua/catalog/ruchnii-instrument/0:0;prom;prom_;"0,95";"1,3";140905382;Безопасность и комфорт;141735;https://prom.ua/Mnogofunktsionalnye-instrumenty;"V, Vmin, noindex";;Вага;кг;;Тип устройства;;Ручний інструмент
253;https://viatec.ua/catalog/mounting-equipment/0:0;site;;"0,9";"1,19";152208132;Инструмент для работы с кабелем;5093502;https://prom.ua/Instrument-dlya-setevyh-rabot-obschee;V;;Вага;г;;;;
254;https://viatec.ua/catalog/mounting-equipment/0:0;prom;prom_;"0,95";"1,3";140905382;Безопасность и комфорт;5093502;https://prom.ua/Instrument-dlya-setevyh-rabot-obschee;"V, Vmin, noindex";;Вага;г;;;;
255;https://viatec.ua/catalog/avtomatichni-vimikachi/0:0;site;;"0,9";"1,19";152133408;Модульное оборудование;14190906;https://prom.ua/Rele-differentsialnye;V;;Вага;г;;;;
256;https://viatec.ua/catalog/avtomatichni-vimikachi/0:0;prom;prom_;"0,95";"1,3";140905382;Безопасность и комфорт;14190906;https://prom.ua/Rele-differentsialnye;"V, Vmin, noindex";;Вага;г;;;;
257;https://viatec.ua/catalog/rozpodilni-shitki/0:0;site;;"0,9";"1,19";152133464;Модульные электрощиты;50904;https://prom.ua/Raspredelitelnye-schity;V;;Вага;кг;;;;
258;https://viatec.ua/catalog/rozpodilni-shitki/0:0;prom;prom_;"0,95";"1,3";140905382;Безопасность и комфорт;50904;https://prom.ua/Raspredelitelnye-schity;"V, Vmin, noindex";;Вага;кг;;;;
259;https://viatec.ua/catalog/drabini/0:0;site;;"0,9";"1,19";152133483;"Сходи, драбини";13070701;https://prom.ua/Stremyanki;V;;Вага;кг;;;;
260;https://viatec.ua/catalog/drabini/0:0;prom;prom_;"0,95";"1,3";140905382;Безопасность и комфорт;13070701;https://prom.ua/Stremyanki;"V, Vmin, noindex";;Вага;кг;;;;
261;"https://viatec.ua/catalog/rozetki-vimikachi/0:0;proizvoditel:dahua,hikvision,ezviz,946,1030,1207,6633,223477,030309,videx,makel,schneiderelectric,hager,eti";site;;"0,9";"1,19";152135823;"Розетки, выключатели";53004;https://prom.ua/Rozetki-elektricheskie;V;;Вага;г;;;;
262;"https://viatec.ua/catalog/rozetki-vimikachi/0:0;proizvoditel:dahua,hikvision,ezviz,946,1030,1207,6633,223477,030309,videx,makel,schneiderelectric,hager,eti";prom;prom_;"0,95";"1,3";140905382;Безопасность и комфорт;53004;https://prom.ua/Rozetki-elektricheskie;"V, Vmin, noindex";;Вага;г;;;;
263;"https://viatec.ua/catalog/sadovii-instrument/0:0;elektro:obpriskuvach,podribnuvach,trimer,kushoriz,akum-nozhici,povitroduvka,zanur-nasos,poverh-nasos,nasos-stancia,drenazh-nasos,miika-visokogo-tisku,univers-privid";site;;"0,9";"1,19";152195979;Садове приладдя;1250355;https://prom.ua/Nabory-sadovyh-instrumentov;V;;Вага;кг;;Тип устройства;;Садова техніка
264;"https://viatec.ua/catalog/sadovii-instrument/0:0;elektro:obpriskuvach,podribnuvach,trimer,kushoriz,akum-nozhici,povitroduvka,zanur-nasos,poverh-nasos,nasos-stancia,drenazh-nasos,miika-visokogo-tisku,univers-privid";prom;prom_;"0,95";"1,3";140905382;Безопасность и комфорт;1250355;https://prom.ua/Nabory-sadovyh-instrumentov;"V, Vmin, noindex";;Вага;кг;;Тип устройства;;Садова техніка
265;"https://viatec.ua/catalog/sadovii-instrument/0:0;obrizka:gilkoriz,sklad-pilka,mala-pilka,velika-pilka,ruchna-pilka,luchkova-pilka,univ-nizh,remis-nizh,plosh-niz,sad-sekator,kontakt-sekator,plosh-suchkorz,nozhici-zhivoriz,nozhici-bgtofunk";site;;"0,9";"1,19";152195979;Садове приладдя;1250355;https://prom.ua/Nabory-sadovyh-instrumentov;V;;Вага;кг;;Тип устройства;;Обрізка
266;"https://viatec.ua/catalog/sadovii-instrument/0:0;obrizka:gilkoriz,sklad-pilka,mala-pilka,velika-pilka,ruchna-pilka,luchkova-pilka,univ-nizh,remis-nizh,plosh-niz,sad-sekator,kontakt-sekator,plosh-suchkorz,nozhici-zhivoriz,nozhici-bgtofunk";prom;prom_;"0,95";"1,3";140905382;Безопасность и комфорт;1250355;https://prom.ua/Nabory-sadovyh-instrumentov;"V, Vmin, noindex";;Вага;кг;;Тип устройства;;Обрізка
267;"https://viatec.ua/catalog/sadovii-instrument/0:0;lopati-vila:shtik-krug,shtik-priama,shtik-dovg,sovkova,drenazhna,korotka,vila-sadovi,vila-kompost";site;;"0,9";"1,19";152195979;Садове приладдя;1250355;https://prom.ua/Nabory-sadovyh-instrumentov;V;;Вага;кг;;Тип устройства;;Лопати та вила
268;"https://viatec.ua/catalog/sadovii-instrument/0:0;lopati-vila:shtik-krug,shtik-priama,shtik-dovg,sovkova,drenazhna,korotka,vila-sadovi,vila-kompost";prom;prom_;"0,95";"1,3";140905382;Безопасность и комфорт;1250355;https://prom.ua/Nabory-sadovyh-instrumentov;"V, Vmin, noindex";;Вага;кг;;Тип устройства;;Лопати та вила
269;"https://viatec.ua/catalog/sadovii-instrument/0:0;grabli-sapki:sapka,vidalnik-brianiv,kultivator,sadovi-grabli,grabli-listia,ruchni-grabli,grunt-grabli,ruchka";site;;"0,9";"1,19";152195979;Садове приладдя;1250355;https://prom.ua/Nabory-sadovyh-instrumentov;V;;Вага;кг;;Тип устройства;;Граблі та сапки
270;"https://viatec.ua/catalog/sadovii-instrument/0:0;grabli-sapki:sapka,vidalnik-brianiv,kultivator,sadovi-grabli,grabli-listia,ruchni-grabli,grunt-grabli,ruchka";prom;prom_;"0,95";"1,3";140905382;Безопасность и комфорт;1250355;https://prom.ua/Nabory-sadovyh-instrumentov;"V, Vmin, noindex";;Вага;кг;;Тип устройства;;Граблі та сапки
271;"https://viatec.ua/catalog/sadovii-instrument/0:0;sokiri-sikachi:sokira-univers,sokira-kolun,sokira-molot,sokira-machete,tochilo";site;;"0,9";"1,19";152195979;Садове приладдя;1250355;https://prom.ua/Nabory-sadovyh-instrumentov;V;;Вага;кг;;Тип устройства;;Сокири та секачі
272;"https://viatec.ua/catalog/sadovii-instrument/0:0;sokiri-sikachi:sokira-univers,sokira-kolun,sokira-molot,sokira-machete,tochilo";prom;prom_;"0,95";"1,3";140905382;Безопасность и комфорт;1250355;https://prom.ua/Nabory-sadovyh-instrumentov;"V, Vmin, noindex";;Вага;кг;;Тип устройства;;Сокири та секачі
273;"https://viatec.ua/catalog/sadovii-instrument/0:0;posadkovii:vilka,sovok,lopatka-nasinnia,bur,leza-bur";site;;"0,9";"1,19";152195979;Садове приладдя;1250355;https://prom.ua/Nabory-sadovyh-instrumentov;V;;Вага;кг;;Тип устройства;;Посадковий інструмент
274;"https://viatec.ua/catalog/sadovii-instrument/0:0;posadkovii:vilka,sovok,lopatka-nasinnia,bur,leza-bur";prom;prom_;"0,95";"1,3";140905382;Безопасность и комфорт;1250355;https://prom.ua/Nabory-sadovyh-instrumentov;"V, Vmin, noindex";;Вага;кг;;Тип устройства;;Посадковий інструмент
275;"https://viatec.ua/catalog/sadovii-instrument/0:0;sadovi-aksesuari:nabir,shitka,rukavichki,nizh-vazhki-roboti,dlia-miiki,nasadka-dlia-privodu";site;;"0,9";"1,19";152195979;Садове приладдя;1250355;https://prom.ua/Nabory-sadovyh-instrumentov;V;;Вага;кг;;Тип устройства;;Аксесуари для садових інструментів
276;"https://viatec.ua/catalog/sadovii-instrument/0:0;sadovi-aksesuari:nabir,shitka,rukavichki,nizh-vazhki-roboti,dlia-miiki,nasadka-dlia-privodu";prom;prom_;"0,95";"1,3";140905382;Безопасность и комфорт;1250355;https://prom.ua/Nabory-sadovyh-instrumentov;"V, Vmin, noindex";;Вага;кг;;Тип устройства;;Аксесуари для садових інструментів
277;"https://viatec.ua/catalog/sadovii-instrument/0:0;lid-snig:skrebok-lodu,avto-skrebok,avto-lopata,lopata-dlia-snigu,ckreper-snig";site;;"0,9";"1,19";152195979;Садове приладдя;1250355;https://prom.ua/Nabory-sadovyh-instrumentov;V;;Вага;кг;;Тип устройства;;Прибирання снігу та льоду
278;"https://viatec.ua/catalog/sadovii-instrument/0:0;lid-snig:skrebok-lodu,avto-skrebok,avto-lopata,lopata-dlia-snigu,ckreper-snig";prom;prom_;"0,95";"1,3";140905382;Безопасность и комфорт;1250355;https://prom.ua/Nabory-sadovyh-instrumentov;"V, Vmin, noindex";;Вага;кг;;Тип устройства;;Прибирання снігу та льоду
279;"https://viatec.ua/catalog/setevie-udleniteli/0:0;tip-elektotovaru:podovzhuvach";site;;"0,9";"1,19";152196244;"Вилки, колодки, удлинители";513;https://prom.ua/Udliniteli-elektricheskie;V;;Вага;г;;Тип устройства;;Подовжувач
280;"https://viatec.ua/catalog/setevie-udleniteli/0:0;tip-elektotovaru:podovzhuvach";prom;prom_;"0,95";"1,3";140905382;Безопасность и комфорт;513;https://prom.ua/Udliniteli-elektricheskie;"V, Vmin, noindex";;Вага;г;;Тип устройства;;Подовжувач
281;"https://viatec.ua/catalog/setevie-udleniteli/0:0;tip-elektotovaru:vilka";site;;"0,9";"1,19";152196244;"Вилки, колодки, удлинители";513;https://prom.ua/Udliniteli-elektricheskie;V;;Вага;г;;Тип устройства;;Вилка
282;"https://viatec.ua/catalog/setevie-udleniteli/0:0;tip-elektotovaru:vilka";prom;prom_;"0,95";"1,3";140905382;Безопасность и комфорт;513;https://prom.ua/Udliniteli-elektricheskie;"V, Vmin, noindex";;Вага;г;;Тип устройства;;Вилка
283;"https://viatec.ua/catalog/setevie-udleniteli/0:0;tip-elektotovaru:rozetka";site;;"0,9";"1,19";152196244;"Вилки, колодки, удлинители";513;https://prom.ua/Udliniteli-elektricheskie;V;;Вага;г;;Тип устройства;;Розетка
284;"https://viatec.ua/catalog/setevie-udleniteli/0:0;tip-elektotovaru:rozetka";prom;prom_;"0,95";"1,3";140905382;Безопасность и комфорт;513;https://prom.ua/Udliniteli-elektricheskie;"V, Vmin, noindex";;Вага;г;;Тип устройства;;Розетка
285;"https://viatec.ua/catalog/setevie-udleniteli/0:0;tip-elektotovaru:adapter";site;;"0,9";"1,19";152196244;"Вилки, колодки, удлинители";513;https://prom.ua/Udliniteli-elektricheskie;V;;Вага;г;;Тип устройства;;Адаптер
286;"https://viatec.ua/catalog/setevie-udleniteli/0:0;tip-elektotovaru:adapter";prom;prom_;"0,95";"1,3";140905382;Безопасность и комфорт;513;https://prom.ua/Udliniteli-elektricheskie;"V, Vmin, noindex";;Вага;г;;Тип устройства;;Адаптер
287;https://viatec.ua/catalog/osvitlennia/0:0;site;;"0,9";"1,19";152197115;Освещение;150426;https://prom.ua/Led-osveschenie;V;;Вага;г;;;;
288;https://viatec.ua/catalog/osvitlennia/0:0;prom;prom_;"0,95";"1,3";140905382;Безопасность и комфорт;150426;https://prom.ua/Led-osveschenie;"V, Vmin, noindex";;Вага;г;;;;
289;https://viatec.ua/catalog/ziz/0:0;site;;"0,9";"1,19";152197317;Средства индивидуальной защиты;301906;https://prom.ua/Drugie-sredstva-individualnoj-zaschity;V;;Вага;г;;Тип устройства;;Засоби індивідуального захисту
290;https://viatec.ua/catalog/ziz/0:0;prom;prom_;"0,95";"1,3";140905382;Безопасность и комфорт;301906;https://prom.ua/Drugie-sredstva-individualnoj-zaschity;"V, Vmin, noindex";;Вага;г;;Тип устройства;;Засоби індивідуального захисту
291;https://viatec.ua/catalog/pini-germetiki/0:0;site;;"0,9";"1,19";152197474;"Пины, герметики, аэрозоли";82210;https://prom.ua/Germetiki;V;;Вага;г;;;;
292;https://viatec.ua/catalog/pini-germetiki/0:0;prom;prom_;"0,95";"1,3";140905382;Безопасность и комфорт;82210;https://prom.ua/Germetiki;"V, Vmin, noindex";;Вага;г;;;;
293;https://viatec.ua/catalog/obigrivachi/0:0;site;;"0,9";"1,19";152206635;Обогреватели;62601;https://prom.ua/Obogrevateli-infrakrasnye;V;;Вага;кг;;;;
294;https://viatec.ua/catalog/obigrivachi/0:0;prom;prom_;"0,95";"1,3";140905382;Безопасность и комфорт;62601;https://prom.ua/Obogrevateli-infrakrasnye;"V, Vmin, noindex";;Вага;кг;;;;
295;https://viatec.ua/catalog/equipment-testers/0:0;site;;"0,9";"1,19";152208469;Приборы для настройки;15370399;https://prom.ua/Drugie-elektroizmeritelnye-pribory;V;;Вага;г;;;;
296;https://viatec.ua/catalog/equipment-testers/0:0;prom;prom_;"0,95";"1,3";140905382;Безопасность и комфорт;15370399;https://prom.ua/Drugie-elektroizmeritelnye-pribory;"V, Vmin, noindex";;Вага;г;;;;
297;https://viatec.ua/catalog/display-bracket/0:0;site;;"0,9";"1,19";152208563;Кронштейны для телевизоров и мониторов;4201;https://prom.ua/Kronshtejny;V;;Вага;кг;;;;
298;https://viatec.ua/catalog/display-bracket/0:0;prom;prom_;"0,95";"1,3";140905382;Безопасность и комфорт;4201;https://prom.ua/Kronshtejny;"V, Vmin, noindex";;Вага;кг;;;;
299;https://viatec.ua/catalog/analogovi-guchnomovci/0:0;site;;"0,9";"1,19";152208591;Системы озвучивания и оповещения;6371818;https://prom.ua/Gromkogovoriteli;V;;Вага;кг;;;;
300;https://viatec.ua/catalog/analogovi-guchnomovci/0:0;prom;prom_;"0,95";"1,3";140905382;Безопасность и комфорт;6371818;https://prom.ua/Gromkogovoriteli;"V, Vmin, noindex";;Вага;кг;;;;
301;https://viatec.ua/catalog/bronepliti/0:0;site;;"0,9";"1,19";152284866;Бронеплиты;300501;https://prom.ua/Bronezhilety;V;;Вага;кг;;;;
302;https://viatec.ua/catalog/bronepliti/0:0;prom;prom_;"0,95";"1,3";140905382;Безопасность и комфорт;300501;https://prom.ua/Bronezhilety;"V, Vmin, noindex";;Вага;кг;;;;
303;https://viatec.ua/catalog/plitonoski/0:0;site;;"0,9";"1,19";152208833;Плитоноски;3082002;https://prom.ua/Razgruzochnye-zhilety;V;;Вага;кг;;;;
304;https://viatec.ua/catalog/plitonoski/0:0;prom;prom_;"0,95";"1,3";140905382;Безопасность и комфорт;3082002;https://prom.ua/Razgruzochnye-zhilety;"V, Vmin, noindex";;Вага;кг;;;;
305;https://viatec.ua/catalog/sproriadzhennia/0:0;site;;"0,9";"1,19";152208946;Снаряжение;152401;https://prom.ua/Armejskie-spetssumki-i-ryukzaki;V;;Вага;кг;;;;
306;https://viatec.ua/catalog/sproriadzhennia/0:0;prom;prom_;"0,95";"1,3";140905382;Безопасность и комфорт;152401;https://prom.ua/Armejskie-spetssumki-i-ryukzaki;"V, Vmin, noindex";;Вага;кг;;;;
307;https://viatec.ua/catalog/sholomi/0:0;site;;"0,9";"1,19";152208956;Шлемы и аксессуары;300503;https://prom.ua/Shlemy-broneshlemy-i-kaski;V;;Вага;кг;;;;
308;https://viatec.ua/catalog/sholomi/0:0;prom;prom_;"0,95";"1,3";140905382;Безопасность и комфорт;300503;https://prom.ua/Shlemy-broneshlemy-i-kaski;"V, Vmin, noindex";;Вага;кг;;;;
309;https://viatec.ua/catalog/zasobi-individualnogo-zahistu/0:0;site;;"0,9";"1,19";152285301;Средства индивидуальной защиты;301906;https://prom.ua/Drugie-sredstva-individualnoj-zaschity;;;Вага;кг;;Тип устройства;;Засоби індивідуального захисту
310;https://viatec.ua/catalog/zasobi-individualnogo-zahistu/0:0;prom;prom_;"0,95";"1,3";140905382;Безопасность и комфорт;301906;https://prom.ua/Drugie-sredstva-individualnoj-zaschity;;;Вага;кг;;Тип устройства;;Засоби індивідуального захисту
311;https://viatec.ua/catalog/lihtari/0:0;site;;"0,9";"1,19";152209100;Фонари;150410;https://prom.ua/Fonariki-;V;;Вага;г;;;;
312;https://viatec.ua/catalog/lihtari/0:0;prom;prom_;"0,95";"1,3";140905382;Безопасность и комфорт;150410;https://prom.ua/Fonariki-;"V, Vmin, noindex";;Вага;г;;;;
313;https://viatec.ua/catalog/multituli/0:0;site;;"0,9";"1,19";152209550;"Мультитулы, ножи";14200394;https://prom.ua/Multituly;V;;Вага;г;;;;
314;https://viatec.ua/catalog/multituli/0:0;prom;prom_;"0,95";"1,3";140905382;Безопасность и комфорт;14200394;https://prom.ua/Multituly;"V, Vmin, noindex";;Вага;г;;;;
315;https://viatec.ua/catalog/kemping/0:0;site;;"0,9";"1,19";152209750;Обустройство быта;63309;https://prom.ua/Melkaya-bytovaya-tehnika-dlya-lichnogo-polzovaniya-obschee;V;;Вага;кг;;;;
316;https://viatec.ua/catalog/kemping/0:0;prom;prom_;"0,95";"1,3";140905382;Безопасность и комфорт;63309;https://prom.ua/Melkaya-bytovaya-tehnika-dlya-lichnogo-polzovaniya-obschee;"V, Vmin, noindex";;Вага;кг;;;;
317;https://viatec.ua/catalog/metalodotektor/0:0;site;;"0,9";"1,19";152209799;Металодетекторы;50505;https://prom.ua/Metallodetektory;V;;Вага;кг;;;;
318;https://viatec.ua/catalog/metalodotektor/0:0;prom;prom_;"0,95";"1,3";140905382;Безопасность и комфорт;50505;https://prom.ua/Metallodetektory;"V, Vmin, noindex";;Вага;кг;;;;
319;https://viatec.ua/catalog/ochishuvachi-dlia-vodi/0:0;site;;"0,9";"1,19";152209839;Очистители воды;13240415;https://prom.ua/Bytovye-filtry-kompleksnoj-ochistki-vody;V;;Вага;кг;;;;
320;https://viatec.ua/catalog/ochishuvachi-dlia-vodi/0:0;prom;prom_;"0,95";"1,3";140905382;Безопасность и комфорт;13240415;https://prom.ua/Bytovye-filtry-kompleksnoj-ochistki-vody;"V, Vmin, noindex";;Вага;кг;;;;
