№;Линк категории поставщика;channel;prefix;coef_retail;coef_dealer;Номер_групи;Назва_групи;Ідентифікатор_підрозділу;Посилання_підрозділу;Особисті_нотатки;Ярлик;Назва_Характеристики;Одиниця_виміру_Характеристики;Значення_Характеристики;feed;category id;Назва у постачальника;Назва_Характеристики;Одиниця_виміру_Характеристики;Значення_Характеристики
1;;site;;;;;;delete;;;;;;;;739;Уцінка;;;
2;;prom;;;;;;delete;;;;;;;;739;Уцінка;;;
3;https://secur.ua/ajax/startovye-komplekty/status=1;site;;"0,92";"1,19";4331550;Устройства и сигнализация Ajax;302306;https://prom.ua/Ohrannye-sistemy-i-signalizatsii;S;;Вага;г;;50;457;Бездротові GSM сигналізації;Тип устройства;;Бездротові GSM сигналізації
4;https://secur.ua/ajax/startovye-komplekty/status=1;prom;prom_;"0,99";"1,3";148391021;Ajax;302306;https://prom.ua/Ohrannye-sistemy-i-signalizatsii;"S, Sprom, noindex";;Вага;г;;50;457;Бездротові GSM сигналізації;Тип устройства;;Бездротові GSM сигналізації
5;https://secur.ua/ajax/centrali-haby/status=1;site;;"0,92";"1,19";4331550;Устройства и сигнализация Ajax;302303;https://prom.ua/Priemno-kontrolnye-pribory-i-pribory-upravleniya;S;;Вага;г;;50;459;Бездротові централі;Тип устройства;;Бездротові централі
6;https://secur.ua/ajax/centrali-haby/status=1;prom;prom_;"0,99";"1,3";148391021;Ajax;302303;https://prom.ua/Priemno-kontrolnye-pribory-i-pribory-upravleniya;"S, Sprom, noindex";;Вага;г;;50;459;Бездротові централі;Тип устройства;;Бездротові централі
7;https://secur.ua/ajax/zaxist-vid-vtorgnennia/retransljatory/status=1;site;;"0,92";"1,19";4331550;Устройства и сигнализация Ajax;7190603;https://prom.ua/Setevye-kontsentratory;S;;Вага;г;;50;492;Підсилювачі GSM сигналу;Тип устройства;;Підсилювачі GSM сигналу
8;https://secur.ua/ajax/zaxist-vid-vtorgnennia/retransljatory/status=1;prom;prom_;"0,99";"1,3";148391021;Ajax;7190603;https://prom.ua/Setevye-kontsentratory;"S, Sprom, noindex";;Вага;г;;50;492;Підсилювачі GSM сигналу;Тип устройства;;Підсилювачі GSM сигналу
9;"https://secur.ua/ajax/zaxist-vid-vtorgnennia/moduli-integracii-ajax/status=1;model-transmitter=vhfbridge-14946";site;;"0,92";"1,19";4331550;Устройства и сигнализация Ajax;300934;https://prom.ua/Moduli-kontrolya-i-upravleniya;S;;Вага;г;;50;393;Модулі інтеграції;Тип устройства;;Модулі інтеграції
10;"https://secur.ua/ajax/zaxist-vid-vtorgnennia/moduli-integracii-ajax/status=1;model-transmitter=vhfbridge-14946";prom;prom_;"0,99";"1,3";148391021;Ajax;300934;https://prom.ua/Moduli-kontrolya-i-upravleniya;"S, Sprom, noindex";;Вага;г;;50;393;Модулі інтеграції;Тип устройства;;Модулі інтеграції
11;"https://secur.ua/signalizatsii/priemniki-usiliteli-kommunikatory/priemniki-radioperedatchikov/status=1;brand=ajax";site;;"0,92";"1,19";4331550;Устройства и сигнализация Ajax;300934;https://prom.ua/Moduli-kontrolya-i-upravleniya;S;;Вага;г;;50;494;Приймачі радіодатчиків;Тип устройства;;Приймачі радіодатчиків
12;"https://secur.ua/signalizatsii/priemniki-usiliteli-kommunikatory/priemniki-radioperedatchikov/status=1;brand=ajax";prom;prom_;"0,99";"1,3";148391021;Ajax;300934;https://prom.ua/Moduli-kontrolya-i-upravleniya;"S, Sprom, noindex";;Вага;г;;50;494;Приймачі радіодатчиків;Тип устройства;;Приймачі радіодатчиків
13;https://secur.ua/ajax/zaxist-vid-vtorgnennia/datchiki-dvizhenija/status=1;site;;"0,92";"1,19";4331550;Устройства и сигнализация Ajax;1420060202;https://prom.ua/Datchiki-dvizheniya;S;;Вага;г;;50;472;Датчики руху;Тип устройства;;Датчики руху
14;https://secur.ua/ajax/zaxist-vid-vtorgnennia/datchiki-dvizhenija/status=1;prom;prom_;"0,99";"1,3";148391021;Ajax;1420060202;https://prom.ua/Datchiki-dvizheniya;"S, Sprom, noindex";;Вага;г;;50;472;Датчики руху;Тип устройства;;Датчики руху
15;https://secur.ua/ajax/zaxist-vid-vtorgnennia/datchiki-otkrytija/status=1;site;;"0,92";"1,19";4331550;Устройства и сигнализация Ajax;302302;https://prom.ua/Ohrannye-izveschateli;S;;Вага;г;;50;476;Датчик відкриття дверей/вікон (геркон);Тип устройства;;Датчик відкриття дверей/вікон (геркон)
16;https://secur.ua/ajax/zaxist-vid-vtorgnennia/datchiki-otkrytija/status=1;prom;prom_;"0,99";"1,3";148391021;Ajax;302302;https://prom.ua/Ohrannye-izveschateli;"S, Sprom, noindex";;Вага;г;;50;476;Датчик відкриття дверей/вікон (геркон);Тип устройства;;Датчик відкриття дверей/вікон (геркон)
17;"https://secur.ua/ajax/zaxist-vid-vtorgnennia/datchiki-otkrytija/status=1;type-dat-otk=superior-doorprotect-g3-fibra";site;;"0,92";"1,19";4331550;Устройства и сигнализация Ajax;302302;https://prom.ua/Ohrannye-izveschateli;S;;Вага;г;;50;384;Датчик відкриття;Тип устройства;;Датчик відкриття
18;"https://secur.ua/ajax/zaxist-vid-vtorgnennia/datchiki-otkrytija/status=1;type-dat-otk=superior-doorprotect-g3-fibra";prom;prom_;"0,99";"1,3";148391021;Ajax;302302;https://prom.ua/Ohrannye-izveschateli;"S, Sprom, noindex";;Вага;г;;50;384;Датчик відкриття;Тип устройства;;Датчик відкриття
19;https://secur.ua/ajax/zaxist-vid-vtorgnennia/datchiki-razbitija-stekla/status=1;site;;"0,92";"1,19";4331550;Устройства и сигнализация Ajax;302302;https://prom.ua/Ohrannye-izveschateli;S;;Вага;г;;50;475;Датчики розбиття;Тип устройства;;Датчики розбиття
20;https://secur.ua/ajax/zaxist-vid-vtorgnennia/datchiki-razbitija-stekla/status=1;prom;prom_;"0,99";"1,3";148391021;Ajax;302302;https://prom.ua/Ohrannye-izveschateli;"S, Sprom, noindex";;Вага;г;;50;475;Датчики розбиття;Тип устройства;;Датчики розбиття
21;"https://secur.ua/ajax/zaxist-vid-vtorgnennia/sireny/status=1;instalation-syrene=zovni-useredini-primishhen-13960";site;;"0,92";"1,19";4331550;Устройства и сигнализация Ajax;300402;https://prom.ua/Sireny-signalnye;S;;Вага;г;;50;483;Вуличні сирени;Тип устройства;;Вуличні сирени
22;"https://secur.ua/ajax/zaxist-vid-vtorgnennia/sireny/status=1;instalation-syrene=zovni-useredini-primishhen-13960";prom;prom_;"0,99";"1,3";148391021;Ajax;300402;https://prom.ua/Sireny-signalnye;"S, Sprom, noindex";;Вага;г;;50;483;Вуличні сирени;Тип устройства;;Вуличні сирени
23;"https://secur.ua/ajax/zaxist-vid-vtorgnennia/sireny/status=1;instalation-syrene=useredini-13961";site;;"0,92";"1,19";4331550;Устройства и сигнализация Ajax;300402;https://prom.ua/Sireny-signalnye;S;;Вага;г;;50;484;Кімнатні сирени;Тип устройства;;Кімнатні сирени
24;"https://secur.ua/ajax/zaxist-vid-vtorgnennia/sireny/status=1;instalation-syrene=useredini-13961";prom;prom_;"0,99";"1,3";148391021;Ajax;300402;https://prom.ua/Sireny-signalnye;"S, Sprom, noindex";;Вага;г;;50;484;Кімнатні сирени;Тип устройства;;Кімнатні сирени
25;https://secur.ua/ajax/zaxist-vid-vtorgnennia/trivozni-knopki/status=1;site;;"0,92";"1,19";4331550;Устройства и сигнализация Ajax;302308;https://prom.ua/Trevozhnye-knopki-i-knopki-vyhoda;S;;Вага;г;;50;485;Кнопка тривожної сигналізації;Тип устройства;;Кнопка тривожної сигналізації
26;https://secur.ua/ajax/zaxist-vid-vtorgnennia/trivozni-knopki/status=1;prom;prom_;"0,99";"1,3";148391021;Ajax;302308;https://prom.ua/Trevozhnye-knopki-i-knopki-vyhoda;"S, Sprom, noindex";;Вага;г;;50;485;Кнопка тривожної сигналізації;Тип устройства;;Кнопка тривожної сигналізації
27;https://secur.ua/ajax/zaxist-vid-vtorgnennia/kartki/status=1;site;;"0,92";"1,19";4331550;Устройства и сигнализация Ajax;301310;https://prom.ua/Identifikatory;S;;Вага;г;;50;534;Карти;Тип устройства;;Карта доступу
28;https://secur.ua/ajax/zaxist-vid-vtorgnennia/kartki/status=1;prom;prom_;"0,99";"1,3";148391021;Ajax;301310;https://prom.ua/Identifikatory;"S, Sprom, noindex";;Вага;г;;50;534;Карти;Тип устройства;;Карта доступу
29;https://secur.ua/ajax/zaxist-vid-vtorgnennia/breloki/status=1;site;;"0,92";"1,19";4331550;Устройства и сигнализация Ajax;302307;https://prom.ua/Brelki-pulty-dlya-ohrannyh-sistem;S;;Вага;г;;50;486;Брелоки;Тип устройства;;Брелок
30;https://secur.ua/ajax/zaxist-vid-vtorgnennia/breloki/status=1;prom;prom_;"0,99";"1,3";148391021;Ajax;302307;https://prom.ua/Brelki-pulty-dlya-ohrannyh-sistem;"S, Sprom, noindex";;Вага;г;;50;486;Брелоки;Тип устройства;;Брелок
31;https://secur.ua/ajax/zaxist-vid-vtorgnennia/klaviatury/status=1;site;;"0,92";"1,19";4331550;Устройства и сигнализация Ajax;301305;https://prom.ua/Klaviatury-kodonabornye;S;;Вага;г;;50;487;Клавіатура для сигналізації;Тип устройства;;Клавіатура для сигналізації
32;https://secur.ua/ajax/zaxist-vid-vtorgnennia/klaviatury/status=1;prom;prom_;"0,99";"1,3";148391021;Ajax;301305;https://prom.ua/Klaviatury-kodonabornye;"S, Sprom, noindex";;Вага;г;;50;487;Клавіатура для сигналізації;Тип устройства;;Клавіатура для сигналізації
33;https://secur.ua/ajax/zapobigannia-potopu/datchiki-zatopleniya-ajax/status=1;site;;"0,92";"1,19";4331550;Устройства и сигнализация Ajax;300418;https://prom.ua/Sistemy-zashchity-ot-potopa;S;;Вага;г;;50;480;Датчики затоплення;Тип устройства;;Датчики затоплення
34;https://secur.ua/ajax/zapobigannia-potopu/datchiki-zatopleniya-ajax/status=1;prom;prom_;"0,99";"1,3";148391021;Ajax;300418;https://prom.ua/Sistemy-zashchity-ot-potopa;"S, Sprom, noindex";;Вага;г;;50;480;Датчики затоплення;Тип устройства;;Датчики затоплення
35;https://secur.ua/ajax/zapobigannia-potopu/kran-perekrytija-vody/status=1;site;;"0,92";"1,19";4331550;Устройства и сигнализация Ajax;300418;https://prom.ua/Sistemy-zashchity-ot-potopa;S;;Вага;г;;50;396;Крани перекриття води;Тип устройства;;Крани перекриття води
36;https://secur.ua/ajax/zapobigannia-potopu/kran-perekrytija-vody/status=1;prom;prom_;"0,99";"1,3";148391021;Ajax;300418;https://prom.ua/Sistemy-zashchity-ot-potopa;"S, Sprom, noindex";;Вага;г;;50;396;Крани перекриття води;Тип устройства;;Крани перекриття води
37;https://secur.ua/ajax/videosposterezennia/videorejestratori/status=1;site;;"0,92";"1,19";4331550;Устройства и сигнализация Ajax;301101;https://prom.ua/Videoregistratory;S;;Вага;г;;50;13;Відеореєстратори;Тип устройства;;Відеореєстратори
38;https://secur.ua/ajax/videosposterezennia/videorejestratori/status=1;prom;prom_;"0,99";"1,3";148391021;Ajax;301101;https://prom.ua/Videoregistratory;"S, Sprom, noindex";;Вага;г;;50;13;Відеореєстратори;Тип устройства;;Відеореєстратори
39;https://secur.ua/ajax/videosposterezennia/videokameri-aiaks/status=1;site;;"0,92";"1,19";4331550;Устройства и сигнализация Ajax;301105;https://prom.ua/Kamery-videonablyudeniya;S;;Вага;г;;50;25;Відеокамери;Тип устройства;;Відеокамери
40;https://secur.ua/ajax/videosposterezennia/videokameri-aiaks/status=1;prom;prom_;"0,99";"1,3";148391021;Ajax;301105;https://prom.ua/Kamery-videonablyudeniya;"S, Sprom, noindex";;Вага;г;;50;25;Відеокамери;Тип устройства;;Відеокамери
41;https://secur.ua/ajax/komfort-ta-produktivnist/datchiki-kachestva-vozduha/status=1;site;;"0,92";"1,19";4331550;Устройства и сигнализация Ajax;153719;https://prom.ua/Datchiki-kachestva-vozduha;S;;Вага;г;;50;400;Датчики якості повітря;Тип устройства;;Датчики якості повітря
42;https://secur.ua/ajax/komfort-ta-produktivnist/datchiki-kachestva-vozduha/status=1;prom;prom_;"0,99";"1,3";148391021;Ajax;153719;https://prom.ua/Datchiki-kachestva-vozduha;"S, Sprom, noindex";;Вага;г;;50;400;Датчики якості повітря;Тип устройства;;Датчики якості повітря
43;https://secur.ua/ajax/komfort-ta-produktivnist/rele-osvitlennia-ta-zivlennia/status=1;site;;"0,92";"1,19";4331550;Устройства и сигнализация Ajax;410612;https://prom.ua/Nastennye-vyklyuchateli;S;;Вага;г;;50;398;Реле освітлення та живлення;Тип устройства;;Реле
44;https://secur.ua/ajax/komfort-ta-produktivnist/rele-osvitlennia-ta-zivlennia/status=1;prom;prom_;"0,99";"1,3";148391021;Ajax;410612;https://prom.ua/Nastennye-vyklyuchateli;"S, Sprom, noindex";;Вага;г;;50;398;Реле освітлення та живлення;Тип устройства;;Реле
45;https://secur.ua/ajax/komfort-ta-produktivnist/vykljuchateli/status=1;site;;"0,92";"1,19";4331550;Устройства и сигнализация Ajax;410612;https://prom.ua/Nastennye-vyklyuchateli;S;;Вага;г;;50;281;Розумний вимикач (wi fi);Тип устройства;;Розумний вимикач (wi fi)
46;https://secur.ua/ajax/komfort-ta-produktivnist/vykljuchateli/status=1;prom;prom_;"0,99";"1,3";148391021;Ajax;410612;https://prom.ua/Nastennye-vyklyuchateli;"S, Sprom, noindex";;Вага;г;;50;281;Розумний вимикач (wi fi);Тип устройства;;Розумний вимикач (wi fi)
47;https://secur.ua/ajax/komfort-ta-produktivnist/knopki-dlja-vykljuchatelja/status=1;site;;"0,92";"1,19";4331550;Устройства и сигнализация Ajax;410612;https://prom.ua/Nastennye-vyklyuchateli;S;;Вага;г;;50;397;Кнопки для вимикача;Тип устройства;;Кнопки для вимикача
48;https://secur.ua/ajax/komfort-ta-produktivnist/knopki-dlja-vykljuchatelja/status=1;prom;prom_;"0,99";"1,3";148391021;Ajax;410612;https://prom.ua/Nastennye-vyklyuchateli;"S, Sprom, noindex";;Вага;г;;50;397;Кнопки для вимикача;Тип устройства;;Кнопки для вимикача
49;https://secur.ua/ajax/komfort-ta-produktivnist/ramki-dlia-vimikaciv-ta-rozetok/status=1;site;;"0,92";"1,19";4331550;Устройства и сигнализация Ajax;410612;https://prom.ua/Nastennye-vyklyuchateli;S;;Вага;г;;50;399;Рамки для вимикачів та розеток;Тип устройства;;Рамки для вимикачів та розеток
50;https://secur.ua/ajax/komfort-ta-produktivnist/ramki-dlia-vimikaciv-ta-rozetok/status=1;prom;prom_;"0,99";"1,3";148391021;Ajax;410612;https://prom.ua/Nastennye-vyklyuchateli;"S, Sprom, noindex";;Вага;г;;50;399;Рамки для вимикачів та розеток;Тип устройства;;Рамки для вимикачів та розеток
51;https://secur.ua/ajax/komfort-ta-produktivnist/rozumni-rozetki/status=1;site;;"0,92";"1,19";4331550;Устройства и сигнализация Ajax;53004;https://prom.ua/Rozetki-elektricheskie;S;;Вага;г;;50;567;Вбудовані розумні розетки;Тип устройства;;Вбудовані розумні розетки
52;https://secur.ua/ajax/komfort-ta-produktivnist/rozumni-rozetki/status=1;prom;prom_;"0,99";"1,3";148391021;Ajax;53004;https://prom.ua/Rozetki-elektricheskie;"S, Sprom, noindex";;Вага;г;;50;567;Вбудовані розумні розетки;Тип устройства;;Вбудовані розумні розетки
53;https://secur.ua/ajax/komfort-ta-produktivnist/paneli-dlia-rozetki/status=1;site;;"0,92";"1,19";4331550;Устройства и сигнализация Ajax;53004;https://prom.ua/Rozetki-elektricheskie;S;;Вага;г;;50;560;Панелі для розетки;Тип устройства;;Панелі для розетки
54;https://secur.ua/ajax/komfort-ta-produktivnist/paneli-dlia-rozetki/status=1;prom;prom_;"0,99";"1,3";148391021;Ajax;53004;https://prom.ua/Rozetki-elektricheskie;"S, Sprom, noindex";;Вага;г;;50;560;Панелі для розетки;Тип устройства;;Панелі для розетки
55;https://secur.ua/ajax/komfort-ta-produktivnist/zagluski/status=1;site;;"0,92";"1,19";4331550;Устройства и сигнализация Ajax;53004;https://prom.ua/Rozetki-elektricheskie;S;;Вага;г;;50;751;Заглушки;Тип устройства;;Заглушки
56;https://secur.ua/ajax/komfort-ta-produktivnist/zagluski/status=1;prom;prom_;"0,99";"1,3";148391021;Ajax;53004;https://prom.ua/Rozetki-elektricheskie;"S, Sprom, noindex";;Вага;г;;50;751;Заглушки;Тип устройства;;Заглушки
57;https://secur.ua/ajax/korpusi-dummybox/status=1;site;;"0,92";"1,19";4331550;Устройства и сигнализация Ajax;302309;https://prom.ua/Koroba-i-korpusa-dlya-ohrannyh-sistem;S;;Вага;г;;50;729;Корпуси DummyBox;Тип устройства;;Корпуси DummyBox
58;https://secur.ua/ajax/korpusi-dummybox/status=1;prom;prom_;"0,99";"1,3";148391021;Ajax;302309;https://prom.ua/Koroba-i-korpusa-dlya-ohrannyh-sistem;"S, Sprom, noindex";;Вага;г;;50;729;Корпуси DummyBox;Тип устройства;;Корпуси DummyBox
59;https://secur.ua/ajax/elektrozivlennia-ajax/umnye-rozetki-i-rele/status=1;site;;"0,92";"1,19";4331550;Устройства и сигнализация Ajax;14190901;https://prom.ua/Rele-napryazheniya;S;;Вага;г;;50;391;Реле і розумні розетки;Тип устройства;;Реле і розумні розетки
60;https://secur.ua/ajax/elektrozivlennia-ajax/umnye-rozetki-i-rele/status=1;prom;prom_;"0,99";"1,3";148391021;Ajax;14190901;https://prom.ua/Rele-napryazheniya;"S, Sprom, noindex";;Вага;г;;50;391;Реле і розумні розетки;Тип устройства;;Реле і розумні розетки
61;"https://secur.ua/ajax/elektrozivlennia-ajax/jelektropitanie-ajax/status=1;type-bat-f=batareika-6197";site;;"0,92";"1,19";4331550;Устройства и сигнализация Ajax;1507;https://prom.ua/Batarejki;S;;Вага;г;;50;624;Батарейки;Тип устройства;;Батарейки
62;"https://secur.ua/ajax/elektrozivlennia-ajax/jelektropitanie-ajax/status=1;type-bat-f=batareika-6197";prom;prom_;"0,99";"1,3";148391021;Ajax;1507;https://prom.ua/Batarejki;"S, Sprom, noindex";;Вага;г;;50;624;Батарейки;Тип устройства;;Батарейки
63;"https://secur.ua/ajax/elektrozivlennia-ajax/jelektropitanie-ajax/status=1;type-bat-f=plata-bloku-zivlennia";site;;"0,92";"1,19";4331550;Устройства и сигнализация Ajax;14191103;https://prom.ua/Promyshlennye-istochniki-pitaniya;S;;Вага;г;;50;392;Електроживлення;Тип устройства;;Електроживлення
64;"https://secur.ua/ajax/elektrozivlennia-ajax/jelektropitanie-ajax/status=1;type-bat-f=plata-bloku-zivlennia";prom;prom_;"0,99";"1,3";148391021;Ajax;14191103;https://prom.ua/Promyshlennye-istochniki-pitaniya;"S, Sprom, noindex";;Вага;г;;50;392;Електроживлення;Тип устройства;;Електроживлення
65;https://secur.ua/ajax/aksessuary-dlja-signalizacii-ajax/status=1;site;;"0,92";"1,19";4331550;Устройства и сигнализация Ajax;302306;https://prom.ua/Ohrannye-sistemy-i-signalizatsii;S;;Вага;г;;50;394;Аксесуари для продукції Ajax;Тип устройства;;Комплектуючі Ajax
66;https://secur.ua/ajax/aksessuary-dlja-signalizacii-ajax/status=1;prom;prom_;"0,99";"1,3";148391021;Ajax;302306;https://prom.ua/Ohrannye-sistemy-i-signalizatsii;"S, Sprom, noindex";;Вага;г;;50;394;Аксесуари для продукції Ajax;Тип устройства;;Комплектуючі Ajax
67;https://secur.ua/ajax/pozezna-bezpeka/ppkp-ajax/status=1;site;;"0,92";"1,19";4331550;Устройства и сигнализация Ajax;302303;https://prom.ua/Priemno-kontrolnye-pribory-i-pribory-upravleniya;S;;Вага;г;;50;754;Хаби;Тип устройства;;Бездротові пожежні централі
68;https://secur.ua/ajax/pozezna-bezpeka/ppkp-ajax/status=1;prom;prom_;"0,99";"1,3";148391021;Ajax;302303;https://prom.ua/Priemno-kontrolnye-pribory-i-pribory-upravleniya;"S, Sprom, noindex";;Вага;г;;50;754;Хаби;Тип устройства;;Бездротові пожежні централі
69;https://secur.ua/ajax/pozezna-bezpeka/retransliatori/status=1;site;;"0,92";"1,19";4331550;Устройства и сигнализация Ajax;7190603;https://prom.ua/Setevye-kontsentratory;S;;Вага;г;;50;390;Ретранслятори (підсилювачі сигналу);Тип устройства;;Ретранслятори (підсилювачі сигналу)
70;https://secur.ua/ajax/pozezna-bezpeka/retransliatori/status=1;prom;prom_;"0,99";"1,3";148391021;Ajax;7190603;https://prom.ua/Setevye-kontsentratory;"S, Sprom, noindex";;Вага;г;;50;390;Ретранслятори (підсилювачі сигналу);Тип устройства;;Ретранслятори (підсилювачі сигналу)
71;https://secur.ua/ajax/pozezna-bezpeka/rucni-spovishhuvaci/status=1;site;;"0,92";"1,19";4331550;Устройства и сигнализация Ajax;300921;https://prom.ua/Pozharnye-izveschateli;S;;Вага;г;;50;387;"Датчики тепла, диму та чадного газу";Тип устройства;;"Датчики тепла, диму та чадного газу"
72;https://secur.ua/ajax/pozezna-bezpeka/rucni-spovishhuvaci/status=1;prom;prom_;"0,99";"1,3";148391021;Ajax;300921;https://prom.ua/Pozharnye-izveschateli;"S, Sprom, noindex";;Вага;г;;50;387;"Датчики тепла, диму та чадного газу";Тип устройства;;"Датчики тепла, диму та чадного газу"
73;https://secur.ua/ajax/pozezna-bezpeka/spovishhuvaci/status=1;site;;"0,92";"1,19";4331550;Устройства и сигнализация Ajax;300921;https://prom.ua/Pozharnye-izveschateli;S;;Вага;г;;50;483;Вуличні сирени;Тип устройства;;Вуличні пожарні сирени
74;https://secur.ua/ajax/pozezna-bezpeka/spovishhuvaci/status=1;prom;prom_;"0,99";"1,3";148391021;Ajax;300921;https://prom.ua/Pozharnye-izveschateli;"S, Sprom, noindex";;Вага;г;;50;483;Вуличні сирени;Тип устройства;;Вуличні пожарні сирени
75;"https://secur.ua/domofon/videodzvinki/status=1;brand=ajax";site;;"0,92";"1,19";4331550;Устройства и сигнализация Ajax;3029;https://prom.ua/Domofony-videodomofony;S;;Вага;г;;50;593;Відеодзвінки;Тип устройства;;Відеодзвінки
76;"https://secur.ua/domofon/videodzvinki/status=1;brand=ajax";prom;prom_;"0,99";"1,3";148391021;Ajax;3029;https://prom.ua/Domofony-videodomofony;"S, Sprom, noindex";;Вага;г;;50;593;Відеодзвінки;Тип устройства;;Відеодзвінки
77;"https://secur.ua/jelektropitanie/akumuliatori/status=1;brand=ajax";site;;"0,92";"1,19";4331550;Устройства и сигнализация Ajax;5280501;https://prom.ua/Akkumulyatornye-bloki;S;;Вага;г;;50;621;Акумулятори;Тип устройства;;Акумулятори Ajax
78;"https://secur.ua/jelektropitanie/akumuliatori/status=1;brand=ajax";prom;prom_;"0,99";"1,3";148391021;Ajax;5280501;https://prom.ua/Akkumulyatornye-bloki;"S, Sprom, noindex";;Вага;г;;50;621;Акумулятори;Тип устройства;;Акумулятори Ajax
79;;site;;"0,8";"1,3";8950007;Видеорегистраторы для видеонаблюдения;301101;https://prom.ua/Videoregistratory;S;;Вага;г;;52;13;Відеореєстратори;Тип устройства;;Реєстратори
80;;prom;prom_;"0,85";"1,3";140905382;Безопасность и комфорт;301101;https://prom.ua/Videoregistratory;"S, Sprom, noindex";;Вага;г;;52;13;Відеореєстратори;Тип устройства;;Реєстратори
81;;site;;"0,8";"1,3";8950011;Видеокамеры для видеонаблюдения;301105;https://prom.ua/Kamery-videonablyudeniya;S;;Вага;г;;52;25;Відеокамери;Тип устройства;;Камери
82;;prom;prom_;"0,85";"1,3";140905382;Безопасность и комфорт;301105;https://prom.ua/Kamery-videonablyudeniya;"S, Sprom, noindex";;Вага;г;;52;25;Відеокамери;Тип устройства;;Камери
83;;site;;"0,8";"1,19";4321341;Комплектующие для видеонаблюдения;301112;https://prom.ua/Kozhuhi-i-kronshtejny;S;;Вага;г;;52;50;Кронштейни;Тип устройства;;Кронштейни для камер
84;;prom;prom_;"0,85";"1,3";140905382;Безопасность и комфорт;301112;https://prom.ua/Kozhuhi-i-kronshtejny;"S, Sprom, noindex";;Вага;г;;52;50;Кронштейни;Тип устройства;;Кронштейни для камер
85;;site;;"0,85";"1,19";4321341;Комплектующие для видеонаблюдения;5092913;https://prom.ua/Korobki-montazhnye;S;;Вага;г;;52;49;Монтажні коробки;Тип устройства;;Розподільні коробки для камер
86;;prom;prom_;"0,9";"1,3";140905382;Безопасность и комфорт;5092913;https://prom.ua/Korobki-montazhnye;"S, Sprom, noindex";;Вага;г;;52;49;Монтажні коробки;Тип устройства;;Розподільні коробки для камер
87;;site;;"0,85";"1,19";90906797;Тепловизоры;153709;https://prom.ua/Termometry-pirometry-teplovizory;S;;Вага;г;;52;61;Моніторинг температури тіла;Тип устройства;;Моніторинг температури тіла
88;;prom;prom_;"0,9";"1,3";140905382;Безопасность и комфорт;153709;https://prom.ua/Termometry-pirometry-teplovizory;"S, Sprom, noindex";;Вага;г;;52;61;Моніторинг температури тіла;Тип устройства;;Моніторинг температури тіла
89;;site;;"0,85";"1,19";4321341;Комплектующие для видеонаблюдения;301110;https://prom.ua/Pulty-dlya-sistem-videonablyudeniya;S;;Вага;г;;52;43;Пульти керування (PTZ);Тип устройства;;Пульти управління
90;;prom;prom_;"0,9";"1,3";140905382;Безопасность и комфорт;301110;https://prom.ua/Pulty-dlya-sistem-videonablyudeniya;"S, Sprom, noindex";;Вага;г;;52;43;Пульти керування (PTZ);Тип устройства;;Пульти управління
91;;site;;"0,85";"1,19";127628166;Терминалы;3030;https://prom.ua/Sistemy-kontrolya-dostupa;S;;Вага;г;;52;323;Автономні біометричні термінали і сканери;Тип устройства;;Автономні біометричні термінали і сканери
92;;prom;prom_;"0,9";"1,3";140905382;Безопасность и комфорт;3030;https://prom.ua/Sistemy-kontrolya-dostupa;"S, Sprom, noindex";;Вага;г;;52;323;Автономні біометричні термінали і сканери;Тип устройства;;Автономні біометричні термінали і сканери
93;;site;;"0,85";"1,19";127628173;Считыватели;301311;https://prom.ua/Schityvateli;S;;Вага;г;;52;76;Зчитувачі;;;
94;;prom;prom_;"0,9";"1,3";140905382;Безопасность и комфорт;301311;https://prom.ua/Schityvateli;"S, Sprom, noindex";;Вага;г;;52;76;Зчитувачі;;;
95;;site;;"0,85";"1,19";90718784;Вызывные видеопанели;3029;https://prom.ua/Domofony-videodomofony;S;;Вага;г;;52;185;Викличні панелі;Тип устройства;;Відеопанель кольорова виклична
96;;prom;prom_;"0,9";"1,3";140905382;Безопасность и комфорт;3029;https://prom.ua/Domofony-videodomofony;"S, Sprom, noindex";;Вага;г;;52;185;Викличні панелі;Тип устройства;;Відеопанель кольорова виклична
97;;site;;"0,85";"1,19";4328775;Видеодомофоны;3029;https://prom.ua/Domofony-videodomofony;S;;Вага;г;;52;184;Відеодомофони;Тип устройства;;Відеодомофон
98;;prom;prom_;"0,9";"1,3";140905382;Безопасность и комфорт;3029;https://prom.ua/Domofony-videodomofony;"S, Sprom, noindex";;Вага;г;;52;184;Відеодомофони;Тип устройства;;Відеодомофон
99;;site;;"0,85";"1,19";127628176;Контроллеры;301312;https://prom.ua/Kontrollery;S;;Вага;г;;52;77;Контролери;;;
100;;prom;prom_;"0,9";"1,3";140905382;Безопасность и комфорт;301312;https://prom.ua/Kontrollery;"S, Sprom, noindex";;Вага;г;;52;77;Контролери;;;
101;;site;;"0,85";"1,19";23295147;Коммутаторы;71903;https://prom.ua/Kommutatory;S;;Вага;г;;52;301;Комутатори;;;
102;;prom;prom_;"0,9";"1,3";140905382;Безопасность и комфорт;71903;https://prom.ua/Kommutatory;"S, Sprom, noindex";;Вага;г;;52;301;Комутатори;;;
103;;site;;"0,85";"1,19";8950007;Видеорегистраторы для видеонаблюдения;301101;https://prom.ua/Videoregistratory;S;;Вага;г;;52;3;Комплекти відеоспостереження;Тип устройства;;Комплекти відеонагляду
104;;prom;prom_;"0,9";"1,3";140905382;Безопасность и комфорт;301101;https://prom.ua/Videoregistratory;"S, Sprom, noindex";;Вага;г;;52;3;Комплекти відеоспостереження;Тип устройства;;Комплекти відеонагляду
105;;site;;"0,85";"1,19";8950007;Видеорегистраторы для видеонаблюдения;301101;https://prom.ua/Videoregistratory;S;;Вага;г;;52;64;Автомобільні відеореєстратори;Тип устройства;;Автомобільні відеореєстратори
106;;prom;prom_;"0,9";"1,3";140905382;Безопасность и комфорт;301101;https://prom.ua/Videoregistratory;"S, Sprom, noindex";;Вага;г;;52;64;Автомобільні відеореєстратори;Тип устройства;;Автомобільні відеореєстратори
107;;site;;"0,85";"1,19";8950007;Видеорегистраторы для видеонаблюдения;301101;https://prom.ua/Videoregistratory;S;;Вага;г;;52;53;Персональні відеореєстратори;Тип устройства;;Персональні відеореєстратори
108;;prom;prom_;"0,9";"1,3";140905382;Безопасность и комфорт;301101;https://prom.ua/Videoregistratory;"S, Sprom, noindex";;Вага;г;;52;53;Персональні відеореєстратори;Тип устройства;;Персональні відеореєстратори
109;;site;;"0,85";"1,19";8950007;Видеорегистраторы для видеонаблюдения;301101;https://prom.ua/Videoregistratory;S;;Вага;г;;52;54;Нагрудні відеореєстратори;Тип устройства;;Нагрудні відеореєстратори
110;;prom;prom_;"0,9";"1,3";140905382;Безопасность и комфорт;301101;https://prom.ua/Videoregistratory;"S, Sprom, noindex";;Вага;г;;52;54;Нагрудні відеореєстратори;Тип устройства;;Нагрудні відеореєстратори
111;;site;;"0,85";"1,19";8950007;Видеорегистраторы для видеонаблюдения;301101;https://prom.ua/Videoregistratory;S;;Вага;г;;52;55;ДОК-станції для нагрудних видеореєстраторів;Тип устройства;;ДОК-станції для нагрудних видеореєстраторів
112;;prom;prom_;"0,9";"1,3";140905382;Безопасность и комфорт;301101;https://prom.ua/Videoregistratory;"S, Sprom, noindex";;Вага;г;;52;55;ДОК-станції для нагрудних видеореєстраторів;Тип устройства;;ДОК-станції для нагрудних видеореєстраторів
113;;site;;"0,85";"1,19";16703618;Комплектующие для контроля доступа;3030;https://prom.ua/Sistemy-kontrolya-dostupa;S;;Вага;г;;52;97;Аксесуари для замків;Тип устройства;;Комплектуючі для замків
114;;prom;prom_;"0,9";"1,3";140905382;Безопасность и комфорт;3030;https://prom.ua/Sistemy-kontrolya-dostupa;"S, Sprom, noindex";;Вага;г;;52;97;Аксесуари для замків;Тип устройства;;Комплектуючі для замків
115;;site;;"0,85";"1,19";127628160;Карты и ключи для домофона;301310;https://prom.ua/Identifikatory;S;;Вага;г;;52;84;Картки і брелоки;Тип устройства;;Картки і брелоки
116;;prom;prom_;"0,9";"1,3";140905382;Безопасность и комфорт;301310;https://prom.ua/Identifikatory;"S, Sprom, noindex";;Вага;г;;52;84;Картки і брелоки;Тип устройства;;Картки і брелоки
117;;site;;"0,85";"1,19";127628170;Кнопки выхода;302308;https://prom.ua/Trevozhnye-knopki-i-knopki-vyhoda;S;;Вага;г;;52;85;Кнопки виходу;Тип устройства;;Кнопки виходу Tecsar
118;;prom;prom_;"0,9";"1,3";140905382;Безопасность и комфорт;302308;https://prom.ua/Trevozhnye-knopki-i-knopki-vyhoda;"S, Sprom, noindex";;Вага;г;;52;85;Кнопки виходу;Тип устройства;;Кнопки виходу Tecsar
119;;site;;"0,85";"1,19";90997501;Замки;301010;https://prom.ua/Mehanicheskie-zamki;S;;Вага;г;;52;78;Електрозамки;Тип устройства;;електромеханічний
120;;prom;prom_;"0,9";"1,3";140905382;Безопасность и комфорт;301010;https://prom.ua/Mehanicheskie-zamki;"S, Sprom, noindex";;Вага;г;;52;78;Електрозамки;Тип устройства;;електромеханічний
121;;site;;"0,85";"1,19";127351950;Блоки питания;14191103;https://prom.ua/Promyshlennye-istochniki-pitaniya;S;;Вага;г;;52;675;Блоки живлення для відеоспостереження;Тип устройства;;Блоки живлення для відеоспостереження
122;;prom;prom_;"0,9";"1,3";140905382;Безопасность и комфорт;14191103;https://prom.ua/Promyshlennye-istochniki-pitaniya;"S, Sprom, noindex";;Вага;г;;52;675;Блоки живлення для відеоспостереження;Тип устройства;;Блоки живлення для відеоспостереження
123;;site;;"0,85";"1,19";17012111;Кабель;7190605;https://prom.ua/Kabel-telefonnyj;S;;Вага;г;;52;337;Сигнальний кабель;Тип устройства;;Сигнальний
124;;prom;prom_;"0,9";"1,3";140905382;Безопасность и комфорт;7190605;https://prom.ua/Kabel-telefonnyj;"S, Sprom, noindex";;Вага;г;;52;337;Сигнальний кабель;Тип устройства;;Сигнальний
125;;site;;"0,85";"1,19";152088624;Дверные доводчики;15380311;https://prom.ua/Dovodchiki-dverej;S;;Вага;г;;52;86;Доводчики на двері (дотягувач);;;
126;;prom;prom_;"0,9";"1,3";140905382;Безопасность и комфорт;15380311;https://prom.ua/Dovodchiki-dverej;"S, Sprom, noindex";;Вага;г;;52;86;Доводчики на двері (дотягувач);;;
127;;site;;"0,85";"1,19";152088176;Турникеты;301301;https://prom.ua/Turnikety;S;;Вага;г;;52;135;Повно-ростові турнікети;Тип устройства;;Повно-ростові турнікети
128;;prom;prom_;"0,9";"1,3";140905382;Безопасность и комфорт;301301;https://prom.ua/Turnikety;"S, Sprom, noindex";;Вага;г;;52;135;Повно-ростові турнікети;Тип устройства;;Повно-ростові турнікети
129;;site;;"0,85";"1,19";152088176;Турникеты;301301;https://prom.ua/Turnikety;S;;Вага;г;;52;136;Турнікети-триподи;Тип устройства;;Турнікети-триподи
130;;prom;prom_;"0,9";"1,3";140905382;Безопасность и комфорт;301301;https://prom.ua/Turnikety;"S, Sprom, noindex";;Вага;г;;52;136;Турнікети-триподи;Тип устройства;;Турнікети-триподи
131;;site;;"0,85";"1,19";152088176;Турникеты;301301;https://prom.ua/Turnikety;S;;Вага;г;;52;137;Турнікети Freeway;Тип устройства;;Турнікети Freeway
132;;prom;prom_;"0,9";"1,3";140905382;Безопасность и комфорт;301301;https://prom.ua/Turnikety;"S, Sprom, noindex";;Вага;г;;52;137;Турнікети Freeway;Тип устройства;;Турнікети Freeway
133;;site;;"0,85";"1,19";90997501;Замки;301010;https://prom.ua/Mehanicheskie-zamki;S;;Вага;г;;52;89;Біометричні замки;Тип устройства;;Біометричні замки
134;;prom;prom_;"0,9";"1,3";140905382;Безопасность и комфорт;301010;https://prom.ua/Mehanicheskie-zamki;"S, Sprom, noindex";;Вага;г;;52;89;Біометричні замки;Тип устройства;;Біометричні замки
135;;site;;"0,85";"1,19";16703618;Комплектующие для контроля доступа;3030;https://prom.ua/Sistemy-kontrolya-dostupa;S;;Вага;г;;52;90;Аксесуари СКУД;Тип устройства;;Комплектуючі для СККД
136;;prom;prom_;"0,9";"1,3";140905382;Безопасность и комфорт;3030;https://prom.ua/Sistemy-kontrolya-dostupa;"S, Sprom, noindex";;Вага;г;;52;90;Аксесуари СКУД;Тип устройства;;Комплектуючі для СККД
137;;site;;"0,85";"1,19";152209799;Металодетекторы;50505;https://prom.ua/Metallodetektory;S;;Вага;г;;52;315;Арочні металошукачі;Тип устройства;;Арочні металошукачі
138;;prom;prom_;"0,9";"1,3";140905382;Безопасность и комфорт;50505;https://prom.ua/Metallodetektory;"S, Sprom, noindex";;Вага;г;;52;315;Арочні металошукачі;Тип устройства;;Арочні металошукачі
139;;site;;"0,85";"1,19";152209799;Металодетекторы;50505;https://prom.ua/Metallodetektory;S;;Вага;г;;52;316;Ручні металошукачі;Тип устройства;;Ручні металошукачі
140;;prom;prom_;"0,9";"1,3";140905382;Безопасность и комфорт;50505;https://prom.ua/Metallodetektory;"S, Sprom, noindex";;Вага;г;;52;316;Ручні металошукачі;Тип устройства;;Ручні металошукачі
141;;site;;"0,85";"1,19";127628176;Контроллеры;301312;https://prom.ua/Kontrollery;S;;Вага;г;;52;320;Контролери біометричні;;;
142;;prom;prom_;"0,9";"1,3";140905382;Безопасность и комфорт;301312;https://prom.ua/Kontrollery;"S, Sprom, noindex";;Вага;г;;52;320;Контролери біометричні;;;
143;;site;;"0,85";"1,19";127628166;Терминалы;3030;https://prom.ua/Sistemy-kontrolya-dostupa;S;;Вага;г;;52;321;Термінали обліку робочого часу;Тип устройства;;Термінали обліку робочого часу
144;;prom;prom_;"0,9";"1,3";140905382;Безопасность и комфорт;3030;https://prom.ua/Sistemy-kontrolya-dostupa;"S, Sprom, noindex";;Вага;г;;52;321;Термінали обліку робочого часу;Тип устройства;;Термінали обліку робочого часу
145;;site;;"0,85";"1,19";90906797;Тепловизоры;153729;https://prom.ua/Takticheskie-teplovizory-;S;;Вага;г;;52;711;Тепловізори;;;
146;;prom;prom_;"0,9";"1,3";140905382;Безопасность и комфорт;153729;https://prom.ua/Takticheskie-teplovizory-;"S, Sprom, noindex";;Вага;г;;52;711;Тепловізори;;;
147;;site;;"0,85";"1,19";152090354;Инжекторы;50928;https://prom.ua/Oborudovanie-dlya-pitaniya-po-ethernet;S;;Вага;г;;52;302;Пристрої PoE;;;
148;;prom;prom_;"0,9";"1,3";140905382;Безопасность и комфорт;50928;https://prom.ua/Oborudovanie-dlya-pitaniya-po-ethernet;"S, Sprom, noindex";;Вага;г;;52;302;Пристрої PoE;;;
149;;site;;"0,85";"1,19";152091016;Охранные датчики;302302;https://prom.ua/Ohrannye-izveschateli;S;;Вага;г;;52;479;Охорона периметра;Тип устройства;;Охорона периметра
150;;prom;prom_;"0,9";"1,3";140905382;Безопасность и комфорт;302302;https://prom.ua/Ohrannye-izveschateli;"S, Sprom, noindex";;Вага;г;;52;479;Охорона периметра;Тип устройства;;Охорона периметра
151;;site;;"0,85";"1,19";151114178;Зарядные станции;500901;https://prom.ua/Zaryadnye-stantsii;S;;Вага;г;;52;209;Зарядні станції;;;
152;;prom;prom_;"0,9";"1,3";140905382;Безопасность и комфорт;500901;https://prom.ua/Zaryadnye-stantsii;"S, Sprom, noindex";;Вага;г;;52;209;Зарядні станції;;;
153;;site;;"0,85";"1,19";152133408;Модульное оборудование;14190906;https://prom.ua/Rele-differentsialnye;S;;Вага;г;;52;650;Автоматичні вимикачі;Тип устройства;;Автоматичні вимикачі
154;;prom;prom_;"0,9";"1,3";140905382;Безопасность и комфорт;14190906;https://prom.ua/Rele-differentsialnye;"S, Sprom, noindex";;Вага;г;;52;650;Автоматичні вимикачі;Тип устройства;;Автоматичні вимикачі
155;;site;;"0,85";"1,19";152133408;Модульное оборудование;14190906;https://prom.ua/Rele-differentsialnye;S;;Вага;г;;52;651;Реле напруги;Тип устройства;;Реле напруги
156;;prom;prom_;"0,9";"1,3";140905382;Безопасность и комфорт;14190906;https://prom.ua/Rele-differentsialnye;"S, Sprom, noindex";;Вага;г;;52;651;Реле напруги;Тип устройства;;Реле напруги
157;;site;;"0,85";"1,19";4321341;Комплектующие для видеонаблюдения;301106;https://prom.ua/Obektivy-dlya-kamer-videonablyudeniya;S;;Вага;г;;52;42;Об'єктиви;Тип устройства;;Об'єктиви
158;;prom;prom_;"0,9";"1,3";140905382;Безопасность и комфорт;301106;https://prom.ua/Obektivy-dlya-kamer-videonablyudeniya;"S, Sprom, noindex";;Вага;г;;52;42;Об'єктиви;Тип устройства;;Об'єктиви
159;;site;;"0,85";"1,19";152481182;Мониторы;706;https://prom.ua/Monitory;S;;Вага;г;;52;219;Монітори;Тип устройства;;Монітори
160;;prom;prom_;"0,9";"1,3";140905382;Безопасность и комфорт;706;https://prom.ua/Monitory;"S, Sprom, noindex";;Вага;г;;52;219;Монітори;;;
161;;site;;"0,85";"1,19";152481185;Планшеты;70105;https://prom.ua/Planshetnye-netbuki;S;;Вага;г;;52;607;Планшети;;;
162;;prom;prom_;"0,9";"1,3";140905382;Безопасность и комфорт;70105;https://prom.ua/Planshetnye-netbuki;"S, Sprom, noindex";;Вага;г;;52;607;Планшети;;;
163;;site;;"0,85";"1,19";127351973;Свинцовые аккумуляторы;5280501;https://prom.ua/Akkumulyatornye-bloki;S;;Вага;г;;52;621;Акумулятори;Тип устройства;;Свинцеві акумулятори
164;;prom;prom_;"0,9";"1,3";140905382;Безопасность и комфорт;5280501;https://prom.ua/Akkumulyatornye-bloki;"S, Sprom, noindex";;Вага;г;;52;621;Акумулятори;Тип устройства;;Свинцеві акумулятори
165;;site;;"0,85";"1,19";152481294;Сетевые хранилища;70807;https://prom.ua/Setevye-nakopiteli;S;;Вага;г;;52;225;Мережеві сховища;;;
166;;prom;prom_;"0,9";"1,3";140905382;Безопасность и комфорт;70807;https://prom.ua/Setevye-nakopiteli;"S, Sprom, noindex";;Вага;г;;52;225;Мережеві сховища;;;
167;;site;;"0,85";"1,19";152483771;Фотоловушки;180312;https://prom.ua/Fotolovushki-kamery-dlya-ohoty;S;;Вага;г;;52;596;Фотопастки;;;
168;;prom;prom_;"0,9";"1,3";140905382;Безопасность и комфорт;180312;https://prom.ua/Fotolovushki-kamery-dlya-ohoty;"S, Sprom, noindex";;Вага;г;;52;596;Фотопастки;;;
169;;site;;"0,85";"1,19";152481192;Системы парковки;135605;https://prom.ua/Shlagbaumy;S;;Вага;г;;52;147;Автоматичні шлагбауми;Тип устройства;;Шлагбауми
170;;prom;prom_;"0,9";"1,3";140905382;Безопасность и комфорт;135605;https://prom.ua/Shlagbaumy;"S, Sprom, noindex";;Вага;г;;52;147;Автоматичні шлагбауми;Тип устройства;;Шлагбауми
171;;site;;"0,85";"1,19";152481192;Системы парковки;301501;https://prom.ua/Dorozhnye-ograzhdeniya;S;;Вага;г;;52;148;Бар'єри;Тип устройства;;Блокувальник паркувального місця
172;;prom;prom_;"0,9";"1,3";140905382;Безопасность и комфорт;301501;https://prom.ua/Dorozhnye-ograzhdeniya;"S, Sprom, noindex";;Вага;г;;52;148;Бар'єри;Тип устройства;;Блокувальник паркувального місця
173;;site;;"0,85";"1,19";152481192;Системы парковки;13560901;https://prom.ua/Aksessuary-dlya-vorot-i-shagbaumov;S;;Вага;г;;52;606;Аксесуари до шлагбаумів;Тип устройства;;Комплектуючі до шлагбаумів
174;;prom;prom_;"0,9";"1,3";140905382;Безопасность и комфорт;13560901;https://prom.ua/Aksessuary-dlya-vorot-i-shagbaumov;"S, Sprom, noindex";;Вага;г;;52;606;Аксесуари до шлагбаумів;Тип устройства;;Комплектуючі до шлагбаумів
